24/04/06,12:05:02,T-Mobile CZ,22.99,NR5G_NSA,Online,230-01,0x6050,155213069,236,NR5G_BAND78,631392,,,-1080,-150,,-32768,49.221752,N,16.579663,E,60424,100504,274.7,-0.9,
24/04/06,12:05:05,T-Mobile CZ,25.99,NR5G_NSA,Online,230-01,0x6050,155213069,236,NR5G_BAND78,631392,,,-1150,-180,,120,49.22154,N,16.579228,E,60424,100507,271.8,-1.0,
24/04/06,12:05:23,T-Mobile CZ,27.99,NR5G_NSA,Online,230-01,0x6050,155213069,236,NR5G_BAND78,631392,,,-1070,-130,,165,49.220101,N,16.579489,E,60424,100525,259.0,-0.4,
24/04/06,12:05:26,T-Mobile CZ,28.99,NR5G_NSA,Online,230-01,0x6050,155213069,236,NR5G_BAND78,631392,,,-1140,-180,,125,49.219983,N,16.579563,E,60424,100528,258.9,0.1,1.0
24/04/06,12:06:14,T-Mobile CZ,24.99,NR5G_NSA,Online,230-01,0x6050,155213069,236,NR5G_BAND78,631392,,,-1080,-140,,90,49.2198,N,16.580232,E,60424,100616,257.4,0.4,6.0
24/04/06,12:06:17,T-Mobile CZ,24.99,NR5G_NSA,Online,230-01,0x6050,155213069,236,NR5G_BAND78,631392,,,-1040,-120,,125,49.219914,N,16.580582,E,60424,100619,258.5,0.6,6.0
24/04/06,12:06:20,T-Mobile CZ,29.99,NR5G_NSA,Online,230-01,0x6050,155213069,236,NR5G_BAND78,631392,,,-1070,-140,,130,49.220031,N,16.580936,E,60424,100622,258.9,0.2,6.0
24/04/06,12:06:23,T-Mobile CZ,29.99,NR5G_NSA,Online,230-01,0x6050,155213069,236,NR5G_BAND78,631392,,,-1030,-120,,185,49.220151,N,16.581301,E,60424,100625,258.7,-0.0,
24/04/06,12:06:26,T-Mobile CZ,27.99,NR5G_NSA,Online,230-01,0x6050,155213069,236,NR5G_BAND78,631392,,,-1010,-120,,150,49.220271,N,16.581677,E,60424,100628,258.4,-0.1,
24/04/06,12:06:29,T-Mobile CZ,30.99,NR5G_NSA,Online,230-01,0x6050,155213069,236,NR5G_BAND78,631392,,,-1040,-120,,130,49.220392,N,16.582039,E,60424,100631,258.1,-0.0,
24/04/06,12:06:32,T-Mobile CZ,30.99,NR5G_NSA,Online,230-01,0x6050,155213069,236,NR5G_BAND78,631392,,,-1000,-110,,120,49.220516,N,16.58242,E,60424,100634,258.2,0.3,6.0
24/04/06,12:06:35,T-Mobile CZ,28.99,NR5G_NSA,Online,230-01,0x6050,155213069,236,NR5G_BAND78,631392,,,-1010,-120,,170,49.220652,N,16.582806,E,60424,100637,257.9,0.3,6.0
24/04/06,12:06:38,T-Mobile CZ,30.99,NR5G_NSA,Online,230-01,0x6050,155213069,236,NR5G_BAND78,631392,,,-990,-120,,180,49.220782,N,16.583196,E,60424,100640,257.7,-0.1,
24/04/06,12:06:41,T-Mobile CZ,30.99,NR5G_NSA,Online,230-01,0x6050,155213069,236,NR5G_BAND78,631392,,,-980,-110,,180,49.220896,N,16.583561,E,60424,100643,256.9,-0.2,
24/04/06,12:06:44,T-Mobile CZ,31.99,NR5G_NSA,Online,230-01,0x6050,155213069,236,NR5G_BAND78,631392,,,-960,-110,,175,49.221025,N,16.583944,E,60424,100646,256.1,-0.3,
24/04/06,12:06:47,T-Mobile CZ,31.99,NR5G_NSA,Online,230-01,0x6050,155213069,236,NR5G_BAND78,631392,,,-920,-110,,190,49.221153,N,16.584331,E,60424,100649,254.8,-0.4,
24/04/06,12:06:50,T-Mobile CZ,31.99,NR5G_NSA,Online,230-01,0x6050,155213069,236,NR5G_BAND78,631392,,,-980,-130,,140,49.221276,N,16.584711,E,60424,100652,253.7,-0.4,
24/04/06,12:06:53,T-Mobile CZ,24.99,NR5G_NSA,Online,230-01,0x6050,155213067,234,NR5G_BAND78,631392,,,-800,-110,,260,49.221392,N,16.585092,E,60424,100655,253.0,-0.5,
24/04/06,12:06:56,T-Mobile CZ,31.99,NR5G_NSA,Online,230-01,0x6050,155213067,234,NR5G_BAND78,631392,,,-820,-110,,280,49.221514,N,16.585459,E,60424,100658,252.3,-0.6,
24/04/06,12:06:59,T-Mobile CZ,31.99,NR5G_NSA,Online,230-01,0x6050,155213067,234,NR5G_BAND78,631392,,,-800,-110,,160,49.221626,N,16.58582,E,60424,100701,251.6,-0.3,
24/04/06,12:07:02,T-Mobile CZ,31.99,NR5G_NSA,Online,230-01,0x6050,155213067,234,NR5G_BAND78,631392,,,-870,-120,,145,49.221725,N,16.586158,E,60424,100704,250.7,-0.3,
24/04/06,12:07:05,T-Mobile CZ,30.99,NR5G_NSA,Online,230-01,0x6050,155213067,234,NR5G_BAND78,631392,,,-920,-120,,150,49.22182,N,16.586487,E,60424,100707,250.2,-0.2,
24/04/06,12:07:08,T-Mobile CZ,30.99,NR5G_NSA,Online,230-01,0x6050,155213067,234,NR5G_BAND78,631392,,,-960,-120,,75,49.221911,N,16.586789,E,60424,100710,249.4,-0.0,
24/04/06,12:07:14,T-Mobile CZ,30.99,NR5G_NSA,Online,230-01,0x6050,155213067,234,NR5G_BAND78,631392,,,-1010,-120,,120,49.222063,N,16.587358,E,60424,100716,249.5,-0.3,
24/04/06,12:07:17,T-Mobile CZ,30.99,NR5G_NSA,Online,230-01,0x6050,155213067,234,NR5G_BAND78,631392,,,-920,-110,,160,49.22205,N,16.587562,E,60424,100719,249.3,-0.0,
24/04/06,12:07:20,T-Mobile CZ,31.99,NR5G_NSA,Online,230-01,0x6050,155213067,234,NR5G_BAND78,631392,,,-980,-110,,265,49.221924,N,16.58767,E,60424,100722,249.2,0.7,1.0
24/04/06,12:07:23,T-Mobile CZ,31.99,NR5G_NSA,Online,230-01,0x6050,155213067,234,NR5G_BAND78,631392,,,-870,-110,,230,49.221775,N,16.587775,E,60424,100725,248.7,0.2,1.0
24/04/06,12:07:26,T-Mobile CZ,31.99,NR5G_NSA,Online,230-01,0x6050,155213067,234,NR5G_BAND78,631392,,,-790,-110,,330,49.221642,N,16.587867,E,60424,100728,248.9,0.1,1.0
24/04/06,12:07:29,T-Mobile CZ,31.99,NR5G_NSA,Online,230-01,0x6050,155213067,234,NR5G_BAND78,631392,,,-770,-110,,325,49.221553,N,16.587937,E,60424,100731,249.4,0.1,1.0
24/04/06,12:07:32,T-Mobile CZ,31.99,NR5G_NSA,Online,230-01,0x6050,155213067,234,NR5G_BAND78,631392,,,-830,-110,,310,49.221476,N,16.587989,E,60424,100734,250.0,0.3,1.0
24/04/06,12:07:35,T-Mobile CZ,31.99,NR5G_NSA,Online,230-01,0x6050,155213067,234,NR5G_BAND78,631392,,,-810,-110,,315,49.221371,N,16.588056,E,60424,100737,248.4,-0.1,
24/04/06,12:07:38,T-Mobile CZ,31.99,NR5G_NSA,Online,230-01,0x6050,155213067,234,NR5G_BAND78,631392,,,-800,-110,,305,49.221239,N,16.588147,E,60424,100740,247.7,-1.1,
24/04/06,12:07:53,T-Mobile CZ,31.99,NR5G_NSA,Online,230-01,0x6050,155213067,234,NR5G_BAND78,631392,,,-840,-110,,315,49.220839,N,16.587908,E,60424,100755,249.0,-0.0,
24/04/06,12:07:56,T-Mobile CZ,31.99,NR5G_NSA,Online,230-01,0x6050,155213067,234,NR5G_BAND78,631392,,,-820,-110,,295,49.220763,N,16.587621,E,60424,100758,248.5,0.0,2.0
24/04/06,12:07:59,T-Mobile CZ,31.99,NR5G_NSA,Online,230-01,0x6050,155213067,234,NR5G_BAND78,631392,,,-770,-110,,300,49.220691,N,16.587347,E,60424,100801,248.9,-0.1,
24/04/06,12:08:02,T-Mobile CZ,31.99,NR5G_NSA,Online,230-01,0x6050,155213067,234,NR5G_BAND78,631392,,,-810,-110,,300,49.220623,N,16.587088,E,60424,100804,249.4,0.2,2.0
24/04/06,12:08:05,T-Mobile CZ,31.99,NR5G_NSA,Online,230-01,0x6050,155213067,234,NR5G_BAND78,631392,,,-800,-110,,345,49.220556,N,16.58683,E,60424,100807,250.0,0.2,2.0
24/04/06,12:08:08,T-Mobile CZ,31.99,NR5G_NSA,Online,230-01,0x6050,155213067,234,NR5G_BAND78,631392,,,-820,-110,,315,49.220484,N,16.586572,E,60424,100810,250.6,0.1,2.0
24/04/06,12:08:17,T-Mobile CZ,31.99,NR5G_NSA,Online,230-01,0x6050,155213067,234,NR5G_BAND78,631392,,,-720,-110,,325,49.220388,N,16.586167,E,60424,100819,252.7,0.0,2.0
24/04/06,12:08:20,T-Mobile CZ,31.99,NR5G_NSA,Online,230-01,0x6050,155213067,234,NR5G_BAND78,631392,,,-660,-110,,320,49.220374,N,16.586113,E,60424,100822,253.9,0.5,2.0
24/04/06,12:08:23,T-Mobile CZ,31.99,NR5G_NSA,Online,230-01,0x6050,155213067,234,NR5G_BAND78,631392,,,-760,-110,,315,49.220319,N,16.585943,E,60424,100825,253.9,0.1,2.0
24/04/06,12:08:26,T-Mobile CZ,31.99,NR5G_NSA,Online,230-01,0x6050,155213067,234,NR5G_BAND78,631392,,,-790,-110,,295,49.22025,N,16.585741,E,60424,100828,254.6,0.0,2.0
24/04/06,12:08:29,T-Mobile CZ,31.99,NR5G_NSA,Online,230-01,0x6050,155213069,236,NR5G_BAND78,631392,,,-760,-110,,295,49.220186,N,16.585538,E,60424,100831,255.7,0.2,2.0
24/04/06,12:08:32,T-Mobile CZ,31.99,NR5G_NSA,Online,230-01,0x6050,155213069,236,NR5G_BAND78,631392,,,-730,-110,,315,49.220127,N,16.585339,E,60424,100834,256.3,0.0,2.0
24/04/06,12:08:35,T-Mobile CZ,31.99,NR5G_NSA,Online,230-01,0x6050,155213069,236,NR5G_BAND78,631392,,,-720,-110,,325,49.220081,N,16.585143,E,60424,100837,257.8,0.4,2.0
24/04/06,12:08:38,T-Mobile CZ,31.99,NR5G_NSA,Online,230-01,0x6050,155213069,236,NR5G_BAND78,631392,,,-700,-110,,325,49.220038,N,16.584962,E,60424,100840,259.1,0.3,2.0
24/04/06,12:09:02,T-Mobile CZ,31.99,NR5G_NSA,Online,230-01,0x6050,155213069,234,NR5G_BAND78,631392,,,-850,-110,,250,49.220926,N,16.584247,E,60424,100904,262.8,-0.0,
24/04/06,12:09:05,T-Mobile CZ,31.99,NR5G_NSA,Online,230-01,0x6050,155213069,234,NR5G_BAND78,631392,,,-910,-110,,225,49.220949,N,16.584198,E,60424,100907,262.7,-0.1,
24/04/06,12:09:08,T-Mobile CZ,31.99,NR5G_NSA,Online,230-01,0x6050,155213069,236,NR5G_BAND78,631392,,,-880,-110,,240,49.220949,N,16.584215,E,60424,100910,263.0,0.2,3.0
24/04/06,12:09:11,T-Mobile CZ,31.99,NR5G_NSA,Online,230-01,0x6050,155213069,236,NR5G_BAND78,631392,,,-910,-110,,240,49.220946,N,16.584254,E,60424,100913,263.7,-0.1,
24/04/06,12:09:14,T-Mobile CZ,31.99,NR5G_NSA,Online,230-01,0x6050,155213067,234,NR5G_BAND78,631392,,,-880,-110,,285,49.220943,N,16.584282,E,60424,100916,263.9,0.0,9.0
24/04/06,12:09:17,T-Mobile CZ,31.99,NR5G_NSA,Online,230-01,0x6050,155213067,236,NR5G_BAND78,631392,,,-840,-110,,255,49.220944,N,16.584276,E,60424,100919,263.1,-0.0,
24/04/06,12:09:20,T-Mobile CZ,31.99,NR5G_NSA,Online,230-01,0x6050,155213067,234,NR5G_BAND78,631392,,,-890,-110,,245,49.220906,N,16.584255,E,60424,100922,263.1,0.0,1.0
24/04/06,12:09:23,T-Mobile CZ,30.99,NR5G_NSA,Online,230-01,0x6050,155213069,234,NR5G_BAND78,631392,,,-850,-110,,255,49.220837,N,16.584301,E,60424,100925,262.6,-0.3,
24/04/06,12:09:26,T-Mobile CZ,31.99,NR5G_NSA,Online,230-01,0x6050,155213069,236,NR5G_BAND78,631392,,,-860,-110,,240,49.220758,N,16.58436,E,60424,100928,262.6,-0.7,
24/04/06,12:09:29,T-Mobile CZ,31.99,NR5G_NSA,Online,230-01,0x6050,155213069,234,NR5G_BAND78,631392,,,-840,-110,,240,49.220663,N,16.584418,E,60424,100931,263.6,0.1,1.0
24/04/06,12:09:32,T-Mobile CZ,31.99,NR5G_NSA,Online,230-01,0x6050,155213069,236,NR5G_BAND78,631392,,,-850,-110,,270,49.220566,N,16.584491,E,60424,100934,265.0,1.4,1.0
24/04/06,12:09:35,T-Mobile CZ,31.99,NR5G_NSA,Online,230-01,0x6050,155213069,236,NR5G_BAND78,631392,,,-820,-110,,250,49.220436,N,16.584584,E,60424,100937,264.7,-0.2,
24/04/06,12:09:38,T-Mobile CZ,31.99,NR5G_NSA,Online,230-01,0x6050,155213069,236,NR5G_BAND78,631392,,,-840,-110,,295,49.220305,N,16.58467,E,60424,100940,264.3,-0.2,
24/04/06,12:09:41,T-Mobile CZ,31.99,NR5G_NSA,Online,230-01,0x6050,155213069,236,NR5G_BAND78,631392,,,-780,-110,,285,49.220168,N,16.584747,E,60424,100943,264.0,-0.0,
24/04/06,12:09:44,T-Mobile CZ,31.99,NR5G_NSA,Online,230-01,0x6050,155213069,236,NR5G_BAND78,631392,,,-770,-110,,295,49.220078,N,16.584787,E,60424,100946,263.8,0.2,1.0
24/04/06,12:09:59,T-Mobile CZ,31.99,NR5G_NSA,Online,230-01,0x6050,155213069,236,NR5G_BAND78,631392,,,-720,-110,,300,49.219759,N,16.584443,E,60424,101001,265.3,0.2,1.0
24/04/06,12:10:02,T-Mobile CZ,31.99,NR5G_NSA,Online,230-01,0x6050,155213069,236,NR5G_BAND78,631392,,,-840,-110,,265,49.219629,N,16.584526,E,60424,101004,265.9,0.1,1.0
24/04/06,12:10:05,T-Mobile CZ,31.99,NR5G_NSA,Online,230-01,0x6050,155213069,236,NR5G_BAND78,631392,,,-890,-110,,265,49.219466,N,16.584639,E,60424,101007,266.0,-0.1,
24/04/06,12:10:08,T-Mobile CZ,31.99,NR5G_NSA,Online,230-01,0x6050,155213069,236,NR5G_BAND78,631392,,,-810,-110,,250,49.219283,N,16.584773,E,60424,101010,264.3,-0.2,
24/04/06,12:10:11,T-Mobile CZ,31.99,NR5G_NSA,Online,230-01,0x6050,155213069,236,NR5G_BAND78,631392,,,-790,-110,,355,49.219116,N,16.584886,E,60424,101013,263.5,-0.1,
24/04/06,12:10:14,T-Mobile CZ,31.99,NR5G_NSA,Online,230-01,0x6050,155213069,236,NR5G_BAND78,631392,,,-870,-110,,240,49.218946,N,16.584994,E,60424,101016,262.9,0.1,1.0
24/04/06,12:10:17,T-Mobile CZ,31.99,NR5G_NSA,Online,230-01,0x6050,155213069,236,NR5G_BAND78,631392,,,-860,-110,,230,49.218788,N,16.585105,E,60424,101019,262.6,-0.2,
24/04/06,12:10:20,T-Mobile CZ,31.99,NR5G_NSA,Online,230-01,0x6050,155213069,236,NR5G_BAND78,631392,,,-860,-110,,290,49.218636,N,16.585209,E,60424,101022,262.2,0.0,1.0
24/04/06,12:10:23,T-Mobile CZ,31.99,NR5G_NSA,Online,230-01,0x6050,155215627,236,NR5G_BAND78,631392,,,-890,-110,,240,49.218485,N,16.585304,E,60424,101025,261.1,0.1,1.0
24/04/06,12:10:26,T-Mobile CZ,31.99,NR5G_NSA,Online,230-01,0x6050,155215627,236,NR5G_BAND78,631392,,,-970,-110,,235,49.218345,N,16.585394,E,60424,101028,260.2,-0.2,
24/04/06,12:10:29,T-Mobile CZ,31.99,NR5G_NSA,Online,230-01,0x6050,155215627,235,NR5G_BAND78,631392,,,-910,-110,,195,49.21823,N,16.585472,E,60424,101031,260.0,0.1,1.0
24/04/06,12:10:32,T-Mobile CZ,31.99,NR5G_NSA,Online,230-01,0x6050,155215627,235,NR5G_BAND78,631392,,,-960,-110,,185,49.21813,N,16.585544,E,60424,101034,260.4,-0.1,
24/04/06,12:10:35,T-Mobile CZ,31.99,NR5G_NSA,Online,230-01,0x6050,155215627,235,NR5G_BAND78,631392,,,-930,-110,,230,49.218025,N,16.585614,E,60424,101037,259.6,-0.2,
24/04/06,12:10:38,T-Mobile CZ,31.99,NR5G_NSA,Online,230-01,0x6050,155215627,235,NR5G_BAND78,631392,,,-910,-110,,205,49.217931,N,16.585675,E,60424,101040,259.4,0.0,1.0
24/04/06,12:10:41,T-Mobile CZ,31.99,NR5G_NSA,Online,230-01,0x6050,155215627,236,NR5G_BAND78,631392,,,-990,-120,,250,49.217859,N,16.585718,E,60424,101043,259.7,-0.1,
24/04/06,12:10:44,T-Mobile CZ,31.99,NR5G_NSA,Online,230-01,0x6050,155215627,235,NR5G_BAND78,631392,,,-950,-110,,195,49.217843,N,16.585759,E,60424,101046,259.7,0.0,1.0
24/04/06,12:10:47,T-Mobile CZ,31.99,NR5G_NSA,Online,230-01,0x6050,155215627,235,NR5G_BAND78,631392,,,-920,-110,,195,49.21785,N,16.585762,E,60424,101049,260.0,0.1,0.0
24/04/06,12:10:50,T-Mobile CZ,31.99,NR5G_NSA,Online,230-01,0x6050,155215627,235,NR5G_BAND78,631392,,,-950,-110,,190,49.21785,N,16.585733,E,60424,101052,259.7,0.1,1.0
24/04/06,12:11:02,T-Mobile CZ,31.99,NR5G_NSA,Online,230-01,0x6050,155215627,235,NR5G_BAND78,631392,,,-950,-110,,170,49.218107,N,16.585549,E,60424,101104,259.8,-0.5,
24/04/06,12:11:05,T-Mobile CZ,31.99,NR5G_NSA,Online,230-01,0x6050,155215627,235,NR5G_BAND78,631392,,,-930,-110,,215,49.218236,N,16.585455,E,60424,101107,259.2,0.3,3.0
24/04/06,12:11:08,T-Mobile CZ,31.99,NR5G_NSA,Online,230-01,0x6050,155215627,235,NR5G_BAND78,631392,,,-900,-110,,215,49.218359,N,16.585364,E,60424,101110,258.7,-0.3,
24/04/06,12:11:11,T-Mobile CZ,31.99,NR5G_NSA,Online,230-01,0x6050,155215627,236,NR5G_BAND78,631392,,,-930,-110,,190,49.218481,N,16.585286,E,60424,101113,258.8,0.0,3.0
24/04/06,12:11:14,T-Mobile CZ,31.99,NR5G_NSA,Online,230-01,0x6050,155215627,236,NR5G_BAND78,631392,,,-880,-110,,240,49.218575,N,16.585266,E,60424,101116,259.0,0.2,3.0
24/04/06,12:11:17,T-Mobile CZ,28.99,NR5G_NSA,Online,230-01,0x6050,155213069,236,NR5G_BAND78,631392,,,-860,-110,,240,49.218614,N,16.585249,E,60424,101119,259.5,-0.1,
24/04/06,12:11:20,T-Mobile CZ,31.99,NR5G_NSA,Online,230-01,0x6050,155213069,236,NR5G_BAND78,631392,,,-860,-110,,240,49.218615,N,16.585253,E,60424,101122,259.2,0.0,0.0
24/04/06,12:11:23,T-Mobile CZ,31.99,NR5G_NSA,Online,230-01,0x6050,155213069,236,NR5G_BAND78,631392,,,-870,-110,,235,49.218616,N,16.585255,E,60424,101125,259.1,0.0,0.0
24/04/06,12:11:32,T-Mobile CZ,31.99,NR5G_NSA,Online,230-01,0x6050,155213069,235,NR5G_BAND78,631392,,,-870,-110,,245,49.21862,N,16.585254,E,60424,101134,258.9,0.0,0.0
24/04/06,12:11:35,T-Mobile CZ,31.99,NR5G_NSA,Online,230-01,0x6050,155213069,236,NR5G_BAND78,631392,,,-890,-110,,230,49.21862,N,16.585254,E,60424,101137,258.9,0.0,0.0
24/04/06,12:11:38,T-Mobile CZ,31.99,NR5G_NSA,Online,230-01,0x6050,155213069,236,NR5G_BAND78,631392,,,-880,-110,,235,49.21862,N,16.585254,E,60424,101140,258.9,0.0,0.0
24/04/06,12:11:41,T-Mobile CZ,31.99,NR5G_NSA,Online,230-01,0x6050,155213069,236,NR5G_BAND78,631392,,,-870,-110,,235,49.21862,N,16.585254,E,60424,101143,258.9,0.0,0.0
24/04/06,12:11:44,T-Mobile CZ,31.99,NR5G_NSA,Online,230-01,0x6050,155213069,236,NR5G_BAND78,631392,,,-870,-110,,240,49.218621,N,16.585254,E,60424,101146,258.9,0.0,0.0
24/04/06,12:11:47,T-Mobile CZ,31.99,NR5G_NSA,Online,230-01,0x6050,155213069,236,NR5G_BAND78,631392,,,-880,-110,,240,49.218621,N,16.585254,E,60424,101149,258.9,0.0,0.0
24/04/06,12:11:50,T-Mobile CZ,31.99,NR5G_NSA,Online,230-01,0x6050,155213069,236,NR5G_BAND78,631392,,,-870,-110,,240,49.218621,N,16.585254,E,60424,101152,258.9,0.0,0.0
24/04/06,12:11:53,T-Mobile CZ,31.99,NR5G_NSA,Online,230-01,0x6050,155213069,236,NR5G_BAND78,631392,,,-890,-110,,235,49.218621,N,16.585255,E,60424,101155,258.9,0.0,0.0
24/04/06,12:11:56,T-Mobile CZ,31.99,NR5G_NSA,Online,230-01,0x6050,155213069,236,NR5G_BAND78,631392,,,-890,-110,,235,49.218623,N,16.585262,E,60424,101158,258.7,0.0,0.0
24/04/06,12:11:59,T-Mobile CZ,31.99,NR5G_NSA,Online,230-01,0x6050,155213069,236,NR5G_BAND78,631392,,,-870,-110,,230,49.218629,N,16.585261,E,60424,101201,258.3,0.6,3.0
24/04/06,12:12:02,T-Mobile CZ,31.99,NR5G_NSA,Online,230-01,0x6050,155213069,236,NR5G_BAND78,631392,,,-900,-110,,235,49.218631,N,16.585259,E,60424,101204,258.5,0.0,0.0
24/04/06,12:12:05,T-Mobile CZ,31.99,NR5G_NSA,Online,230-01,0x6050,155215627,236,NR5G_BAND78,631392,,,-930,-110,,235,49.218629,N,16.58526,E,60424,101207,258.4,0.0,0.0
24/04/06,12:12:08,T-Mobile CZ,31.99,NR5G_NSA,Online,230-01,0x6050,155215627,236,NR5G_BAND78,631392,,,-900,-110,,220,49.218629,N,16.585263,E,60424,101210,258.3,0.0,0.0
24/04/06,12:12:11,T-Mobile CZ,31.99,NR5G_NSA,Online,230-01,0x6050,155215627,235,NR5G_BAND78,631392,,,-910,-110,,205,49.218629,N,16.585262,E,60424,101213,258.3,0.0,0.0
24/04/06,12:12:14,T-Mobile CZ,31.99,NR5G_NSA,Online,230-01,0x6050,155215627,235,NR5G_BAND78,631392,,,-900,-110,,205,49.218629,N,16.585262,E,60424,101216,258.3,0.0,0.0
24/04/06,12:12:17,T-Mobile CZ,31.99,NR5G_NSA,Online,230-01,0x6050,155215627,235,NR5G_BAND78,631392,,,-910,-110,,250,49.218639,N,16.585271,E,60424,101219,257.0,-0.5,
24/04/06,12:12:20,T-Mobile CZ,31.99,NR5G_NSA,Online,230-01,0x6050,155215627,235,NR5G_BAND78,631392,,,-850,-110,,205,49.218645,N,16.585281,E,60424,101222,258.1,0.6,2.0
24/04/06,12:12:23,T-Mobile CZ,31.99,NR5G_NSA,Online,230-01,0x6050,155215627,235,NR5G_BAND78,631392,,,-890,-110,,200,49.218635,N,16.585278,E,60424,101225,257.8,0.0,0.0
24/04/06,12:12:26,T-Mobile CZ,31.99,NR5G_NSA,Online,230-01,0x6050,155215627,236,NR5G_BAND78,631392,,,-860,-110,,230,49.218622,N,16.585285,E,60424,101228,257.4,0.1,2.0
24/04/06,12:12:29,T-Mobile CZ,31.99,NR5G_NSA,Online,230-01,0x6050,155215627,236,NR5G_BAND78,631392,,,-890,-110,,230,49.218616,N,16.585286,E,60424,101231,255.0,-0.5,
24/04/06,12:12:32,T-Mobile CZ,31.99,NR5G_NSA,Online,230-01,0x6050,155215627,236,NR5G_BAND78,631392,,,-870,-110,,225,49.218608,N,16.585276,E,60424,101234,254.4,0.3,2.0
24/04/06,12:12:35,T-Mobile CZ,31.99,NR5G_NSA,Online,230-01,0x6050,155215627,236,NR5G_BAND78,631392,,,-890,-110,,240,49.218611,N,16.585272,E,60424,101237,253.3,-1.5,
24/04/06,12:12:38,T-Mobile CZ,31.99,NR5G_NSA,Online,230-01,0x6050,155215627,236,NR5G_BAND78,631392,,,-890,-110,,235,49.218615,N,16.585258,E,60424,101240,255.2,0.0,0.0
24/04/06,12:12:41,T-Mobile CZ,31.99,NR5G_NSA,Online,230-01,0x6050,155215627,236,NR5G_BAND78,631392,,,-900,-110,,260,49.218645,N,16.585202,E,60424,101243,256.4,0.3,3.0
24/04/06,12:12:44,T-Mobile CZ,31.99,NR5G_NSA,Online,230-01,0x6050,155215627,236,NR5G_BAND78,631392,,,-910,-110,,250,49.218656,N,16.585169,E,60424,101246,255.8,-0.1,
24/04/06,12:12:47,T-Mobile CZ,30.99,NR5G_NSA,Online,230-01,0x6050,155213069,236,NR5G_BAND78,631392,,,-900,-110,,255,49.218663,N,16.585169,E,60424,101249,255.4,0.0,0.0
24/04/06,12:12:50,T-Mobile CZ,31.99,NR5G_NSA,Online,230-01,0x6050,155213069,236,NR5G_BAND78,631392,,,-850,-110,,245,49.218669,N,16.585171,E,60424,101252,255.8,0.0,0.0
24/04/06,12:12:53,T-Mobile CZ,31.99,NR5G_NSA,Online,230-01,0x6050,155213069,236,NR5G_BAND78,631392,,,-860,-110,,250,49.21867,N,16.585172,E,60424,101255,256.1,0.0,0.0
24/04/06,12:12:56,T-Mobile CZ,31.99,NR5G_NSA,Online,230-01,0x6050,155213069,236,NR5G_BAND78,631392,,,-880,-110,,255,49.218671,N,16.585173,E,60424,101258,256.1,0.0,0.0
24/04/06,12:12:59,T-Mobile CZ,31.99,NR5G_NSA,Online,230-01,0x6050,155213069,236,NR5G_BAND78,631392,,,-860,-110,,295,49.218672,N,16.585174,E,60424,101301,256.1,0.0,0.0
24/04/06,12:13:02,T-Mobile CZ,31.99,NR5G_NSA,Online,230-01,0x6050,155213069,236,NR5G_BAND78,631392,,,-910,-110,,255,49.218672,N,16.585174,E,60424,101304,256.1,0.0,0.0
24/04/06,12:13:05,T-Mobile CZ,31.99,NR5G_NSA,Online,230-01,0x6050,155213069,236,NR5G_BAND78,631392,,,-910,-110,,245,49.218707,N,16.585152,E,60424,101307,256.3,0.0,3.0
24/04/06,12:13:08,T-Mobile CZ,31.99,NR5G_NSA,Online,230-01,0x6050,155213069,236,NR5G_BAND78,631392,,,-900,-110,,240,49.218804,N,16.585085,E,60424,101310,256.6,-0.1,
24/04/06,12:13:11,T-Mobile CZ,31.99,NR5G_NSA,Online,230-01,0x6050,155213069,236,NR5G_BAND78,631392,,,-890,-110,,250,49.218911,N,16.585001,E,60424,101313,257.0,-0.0,
24/04/06,12:13:14,T-Mobile CZ,31.99,NR5G_NSA,Online,230-01,0x6050,155213069,236,NR5G_BAND78,631392,,,-890,-110,,240,49.219017,N,16.584921,E,60424,101316,256.8,0.0,3.0
24/04/06,12:13:17,T-Mobile CZ,31.99,NR5G_NSA,Online,230-01,0x6050,155213069,236,NR5G_BAND78,631392,,,-830,-110,,255,49.219135,N,16.584844,E,60424,101319,256.8,0.1,3.0
24/04/06,12:13:20,T-Mobile CZ,31.99,NR5G_NSA,Online,230-01,0x6050,155213069,236,NR5G_BAND78,631392,,,-850,-110,,285,49.219267,N,16.584755,E,60424,101322,257.0,0.0,3.0
24/04/06,12:13:23,T-Mobile CZ,31.99,NR5G_NSA,Online,230-01,0x6050,155213069,236,NR5G_BAND78,631392,,,-870,-110,,245,49.219395,N,16.584667,E,60424,101325,257.3,0.1,3.0
24/04/06,12:13:26,T-Mobile CZ,31.99,NR5G_NSA,Online,230-01,0x6050,155213069,236,NR5G_BAND78,631392,,,-870,-110,,260,49.219518,N,16.584583,E,60424,101328,257.2,-0.2,
24/04/06,12:13:29,T-Mobile CZ,31.99,NR5G_NSA,Online,230-01,0x6050,155213069,236,NR5G_BAND78,631392,,,-850,-110,,285,49.219646,N,16.584499,E,60424,101331,257.8,0.2,3.0
24/04/06,12:13:32,T-Mobile CZ,31.99,NR5G_NSA,Online,230-01,0x6050,155213069,236,NR5G_BAND78,631392,,,-810,-110,,290,49.219751,N,16.584431,E,60424,101334,258.0,0.0,3.0
24/04/06,12:13:35,T-Mobile CZ,31.99,NR5G_NSA,Online,230-01,0x6050,155213069,236,NR5G_BAND78,631392,,,-740,-110,,305,49.219842,N,16.584438,E,60424,101337,258.2,-0.5,
24/04/06,12:13:38,T-Mobile CZ,31.99,NR5G_NSA,Online,230-01,0x6050,155213069,236,NR5G_BAND78,631392,,,-740,-110,,320,49.219906,N,16.584553,E,60424,101340,258.6,-0.4,
24/04/06,12:13:41,T-Mobile CZ,31.99,NR5G_NSA,Online,230-01,0x6050,155213069,236,NR5G_BAND78,631392,,,-730,-110,,345,49.219953,N,16.584704,E,60424,101343,259.1,-0.2,
24/04/06,12:13:44,T-Mobile CZ,31.99,NR5G_NSA,Online,230-01,0x6050,155213069,236,NR5G_BAND78,631392,,,-760,-110,,340,49.220005,N,16.58487,E,60424,101346,258.4,-0.3,
24/04/06,12:13:47,T-Mobile CZ,31.99,NR5G_NSA,Online,230-01,0x6050,155213069,236,NR5G_BAND78,631392,,,-780,-110,,325,49.220061,N,16.585066,E,60424,101349,258.2,0.1,6.0
24/04/06,12:13:50,T-Mobile CZ,31.99,NR5G_NSA,Online,230-01,0x6050,155213069,236,NR5G_BAND78,631392,,,-750,-110,,330,49.220124,N,16.585261,E,60424,101352,257.4,-0.5,
24/04/06,12:13:53,T-Mobile CZ,31.99,NR5G_NSA,Online,230-01,0x6050,155213069,236,NR5G_BAND78,631392,,,-750,-110,,310,49.220185,N,16.585452,E,60424,101355,257.2,0.0,6.0
24/04/06,12:13:56,T-Mobile CZ,31.99,NR5G_NSA,Online,230-01,0x6050,155213069,236,NR5G_BAND78,631392,,,-800,-110,,305,49.220237,N,16.585658,E,60424,101358,256.7,-0.4,
24/04/06,12:13:59,T-Mobile CZ,31.99,NR5G_NSA,Online,230-01,0x6050,155213067,234,NR5G_BAND78,631392,,,-780,-120,,285,49.220298,N,16.58584,E,60424,101401,257.1,-0.1,
24/04/06,12:14:02,T-Mobile CZ,31.99,NR5G_NSA,Online,230-01,0x6050,155213067,234,NR5G_BAND78,631392,,,-760,-110,,315,49.220333,N,16.585978,E,60424,101404,257.3,-0.2,
24/04/06,12:14:05,T-Mobile CZ,31.99,NR5G_NSA,Online,230-01,0x6050,155213067,234,NR5G_BAND78,631392,,,-800,-110,,325,49.220335,N,16.586075,E,60424,101407,257.5,-0.1,
24/04/06,12:14:08,T-Mobile CZ,31.99,NR5G_NSA,Online,230-01,0x6050,155213067,234,NR5G_BAND78,631392,,,-800,-120,,325,49.220224,N,16.586179,E,60424,101410,257.7,-0.2,
24/04/06,12:14:11,T-Mobile CZ,31.99,NR5G_NSA,Online,230-01,0x6050,155213067,235,NR5G_BAND78,631392,,,-780,-120,,285,49.220055,N,16.586292,E,60424,101413,257.8,-0.1,
24/04/06,12:14:14,T-Mobile CZ,30.99,NR5G_NSA,Online,230-01,0x6050,155213068,234,NR5G_BAND78,631392,,,-790,-110,,260,49.219848,N,16.586438,E,60424,101416,257.8,-0.2,
24/04/06,12:14:17,T-Mobile CZ,31.99,NR5G_NSA,Online,230-01,0x6050,155213068,235,NR5G_BAND78,631392,,,-800,-110,,290,49.21962,N,16.586588,E,60424,101419,257.1,0.0,1.0
24/04/06,12:14:20,T-Mobile CZ,31.99,NR5G_NSA,Online,230-01,0x6050,155213068,235,NR5G_BAND78,631392,,,-800,-110,,285,49.219403,N,16.586744,E,60424,101422,257.2,0.2,1.0
24/04/06,12:14:23,T-Mobile CZ,31.99,NR5G_NSA,Online,230-01,0x6050,155213068,235,NR5G_BAND78,631392,,,-740,-110,,315,49.219188,N,16.586887,E,60424,101425,256.9,-0.1,
24/04/06,12:14:26,T-Mobile CZ,31.99,NR5G_NSA,Online,230-01,0x6050,155213068,235,NR5G_BAND78,631392,,,-780,-110,,300,49.218976,N,16.587032,E,60424,101428,256.3,-0.1,
24/04/06,12:14:29,T-Mobile CZ,31.99,NR5G_NSA,Online,230-01,0x6050,155213068,235,NR5G_BAND78,631392,,,-800,-110,,295,49.21876,N,16.587177,E,60424,101431,256.2,-0.1,
24/04/06,12:14:32,T-Mobile CZ,31.99,NR5G_NSA,Online,230-01,0x6050,155213068,235,NR5G_BAND78,631392,,,-770,-110,,265,49.218541,N,16.587298,E,60424,101434,255.3,-0.1,
24/04/06,12:14:35,T-Mobile CZ,31.99,NR5G_NSA,Online,230-01,0x6050,155213068,235,NR5G_BAND78,631392,,,-810,-110,,250,49.21837,N,16.587414,E,60424,101437,254.6,-0.1,
24/04/06,12:14:38,T-Mobile CZ,31.99,NR5G_NSA,Online,230-01,0x6050,155213068,235,NR5G_BAND78,631392,,,-810,-110,,225,49.218291,N,16.587469,E,60424,101440,254.7,0.0,1.0
24/04/06,12:14:41,T-Mobile CZ,31.99,NR5G_NSA,Online,230-01,0x6050,155213068,235,NR5G_BAND78,631392,,,-810,-110,,310,49.218237,N,16.587505,E,60424,101443,254.4,0.0,1.0
24/04/06,12:14:44,T-Mobile CZ,31.99,NR5G_NSA,Online,230-01,0x6050,155213068,235,NR5G_BAND78,631392,,,-820,-110,,215,49.218149,N,16.587669,E,60424,101446,254.1,-0.1,
24/04/06,12:14:47,T-Mobile CZ,31.99,NR5G_NSA,Online,230-01,0x6050,155213068,235,NR5G_BAND78,631392,,,-780,-110,,290,49.218196,N,16.58793,E,60424,101449,253.8,-0.2,
24/04/06,12:14:50,T-Mobile CZ,30.99,NR5G_NSA,Online,230-01,0x6050,155146509,235,NR5G_BAND78,631392,,,-920,-110,,225,49.218264,N,16.588175,E,60424,101452,253.6,-0.2,
24/04/06,12:14:53,T-Mobile CZ,31.99,NR5G_NSA,Online,230-01,0x6050,155146509,235,NR5G_BAND78,631392,,,-880,-110,,265,49.218326,N,16.588399,E,60424,101455,253.0,-0.1,
24/04/06,12:14:56,T-Mobile CZ,31.99,NR5G_NSA,Online,230-01,0x6050,155146509,235,NR5G_BAND78,631392,,,-880,-110,,250,49.218391,N,16.588598,E,60424,101458,252.1,-0.0,
24/04/06,12:14:59,T-Mobile CZ,31.99,NR5G_NSA,Online,230-01,0x6050,155213068,235,NR5G_BAND78,631392,,,-790,-110,,315,49.218449,N,16.588806,E,60424,101501,251.6,-0.1,
24/04/06,12:15:02,T-Mobile CZ,31.99,NR5G_NSA,Online,230-01,0x6050,155213068,235,NR5G_BAND78,631392,,,-900,-110,,260,49.21851,N,16.589037,E,60424,101504,251.5,-0.1,
24/04/06,12:15:05,T-Mobile CZ,31.99,NR5G_NSA,Online,230-01,0x6050,155213068,235,NR5G_BAND78,631392,,,-910,-110,,250,49.21857,N,16.589269,E,60424,101507,251.0,-0.1,
24/04/06,12:15:08,T-Mobile CZ,30.99,NR5G_NSA,Online,230-01,0x6050,155213068,235,NR5G_BAND78,631392,,,-910,-110,,260,49.218623,N,16.589486,E,60424,101510,250.8,-0.2,
24/04/06,12:15:11,T-Mobile CZ,31.99,NR5G_NSA,Online,230-01,0x6050,155213068,235,NR5G_BAND78,631392,,,-940,-110,,250,49.218683,N,16.589688,E,60424,101513,250.5,-0.1,
24/04/06,12:15:14,T-Mobile CZ,31.99,NR5G_NSA,Online,230-01,0x6050,155213068,235,NR5G_BAND78,631392,,,-930,-110,,265,49.218781,N,16.589819,E,60424,101516,250.7,0.1,1.0
24/04/06,12:15:17,T-Mobile CZ,31.99,NR5G_NSA,Online,230-01,0x6050,155213068,235,NR5G_BAND78,631392,,,-910,-110,,245,49.218926,N,16.589752,E,60424,101519,250.7,0.4,3.0
24/04/06,12:15:20,T-Mobile CZ,31.99,NR5G_NSA,Online,230-01,0x6050,155213068,235,NR5G_BAND78,631392,,,-880,-110,,215,49.219082,N,16.589642,E,60424,101522,250.9,0.1,3.0
24/04/06,12:15:23,T-Mobile CZ,30.99,NR5G_NSA,Online,230-01,0x6050,155146509,235,NR5G_BAND78,631392,,,-870,-110,,275,49.219224,N,16.589533,E,60424,101525,250.4,0.2,3.0
24/04/06,12:15:26,T-Mobile CZ,30.99,NR5G_NSA,Online,230-01,0x6050,155146509,235,NR5G_BAND78,631392,,,-880,-110,,240,49.219389,N,16.589429,E,60424,101528,251.0,0.3,3.0
24/04/06,12:15:29,T-Mobile CZ,31.99,NR5G_NSA,Online,230-01,0x6050,155146509,235,NR5G_BAND78,631392,,,-860,-110,,245,49.219547,N,16.589332,E,60424,101531,251.0,0.2,3.0
24/04/06,12:15:32,T-Mobile CZ,30.99,NR5G_NSA,Online,230-01,0x6050,155213068,235,NR5G_BAND78,631392,,,-850,-110,,260,49.219699,N,16.589233,E,60424,101534,251.1,0.2,3.0
24/04/06,12:15:35,T-Mobile CZ,30.99,NR5G_NSA,Online,230-01,0x6050,155213068,235,NR5G_BAND78,631392,,,-860,-110,,210,49.219834,N,16.58915,E,60424,101537,251.3,-0.3,
24/04/06,12:15:38,T-Mobile CZ,31.99,NR5G_NSA,Online,230-01,0x6050,155213068,235,NR5G_BAND78,631392,,,-850,-110,,230,49.219878,N,16.588981,E,60424,101540,250.8,0.0,2.0
24/04/06,12:15:41,T-Mobile CZ,31.99,NR5G_NSA,Online,230-01,0x6050,155213068,235,NR5G_BAND78,631392,,,-870,-110,,305,49.219818,N,16.588738,E,60424,101543,251.1,0.2,2.0
24/04/06,12:15:44,T-Mobile CZ,31.99,NR5G_NSA,Online,230-01,0x6050,155213068,235,NR5G_BAND78,631392,,,-910,-110,,215,49.219753,N,16.588492,E,60424,101546,251.3,0.1,2.0
24/04/06,12:15:47,T-Mobile CZ,31.99,NR5G_NSA,Online,230-01,0x6050,155213068,235,NR5G_BAND78,631392,,,-890,-110,,235,49.219687,N,16.588254,E,60424,101549,251.6,0.2,2.0
24/04/06,12:15:50,T-Mobile CZ,31.99,NR5G_NSA,Online,230-01,0x6050,155213068,235,NR5G_BAND78,631392,,,-890,-110,,210,49.219636,N,16.588051,E,60424,101552,251.9,0.1,2.0
24/04/06,12:15:53,T-Mobile CZ,31.99,NR5G_NSA,Online,230-01,0x6050,155213068,235,NR5G_BAND78,631392,,,-890,-110,,190,49.219624,N,16.587926,E,60424,101555,251.7,0.0,2.0
24/04/06,12:15:56,T-Mobile CZ,31.99,NR5G_NSA,Online,230-01,0x6050,155213068,235,NR5G_BAND78,631392,,,-890,-110,,200,49.219733,N,16.587834,E,60424,101558,252.1,0.0,3.0
24/04/06,12:15:59,T-Mobile CZ,31.99,NR5G_NSA,Online,230-01,0x6050,155213068,235,NR5G_BAND78,631392,,,-900,-110,,180,49.219888,N,16.587725,E,60424,101601,251.4,-0.2,
24/04/06,12:16:02,T-Mobile CZ,31.99,NR5G_NSA,Online,230-01,0x6050,155213068,235,NR5G_BAND78,631392,,,-880,-110,,205,49.220054,N,16.587607,E,60424,101604,251.5,0.0,3.0
24/04/06,12:16:05,T-Mobile CZ,31.99,NR5G_NSA,Online,230-01,0x6050,155213068,235,NR5G_BAND78,631392,,,-850,-110,,190,49.220214,N,16.587493,E,60424,101607,251.4,-0.0,
24/04/06,12:16:08,T-Mobile CZ,31.99,NR5G_NSA,Online,230-01,0x6050,155213068,235,NR5G_BAND78,631392,,,-870,-110,,205,49.220373,N,16.587389,E,60424,101610,251.4,-0.0,
24/04/06,12:16:11,T-Mobile CZ,30.99,NR5G_NSA,Online,230-01,0x6050,155213068,234,NR5G_BAND78,631392,,,-900,-110,,260,49.220511,N,16.587299,E,60424,101613,251.3,0.1,3.0
24/04/06,12:16:14,T-Mobile CZ,26.99,NR5G_NSA,Online,230-01,0x6050,155213067,234,NR5G_BAND78,631392,,,-850,-110,,305,49.22059,N,16.587246,E,60424,101616,251.3,0.2,3.0
24/04/06,12:16:17,T-Mobile CZ,30.99,NR5G_NSA,Online,230-01,0x6050,155213067,234,NR5G_BAND78,631392,,,-820,-110,,325,49.220635,N,16.587162,E,60424,101619,251.5,0.0,2.0
24/04/06,12:16:20,T-Mobile CZ,31.99,NR5G_NSA,Online,230-01,0x6050,155213067,234,NR5G_BAND78,631392,,,-800,-110,,335,49.220603,N,16.587026,E,60424,101622,251.1,0.0,2.0
24/04/06,12:16:23,T-Mobile CZ,31.99,NR5G_NSA,Online,230-01,0x6050,155213067,234,NR5G_BAND78,631392,,,-800,-110,,320,49.220548,N,16.586823,E,60424,101625,251.1,-0.0,
24/04/06,12:16:26,T-Mobile CZ,31.99,NR5G_NSA,Online,230-01,0x6050,155213067,234,NR5G_BAND78,631392,,,-840,-110,,310,49.220481,N,16.58659,E,60424,101628,251.0,0.1,2.0
24/04/06,12:16:29,T-Mobile CZ,31.99,NR5G_NSA,Online,230-01,0x6050,155213067,234,NR5G_BAND78,631392,,,-790,-110,,310,49.220419,N,16.586371,E,60424,101631,251.0,0.1,2.0
24/04/06,12:16:32,T-Mobile CZ,31.99,NR5G_NSA,Online,230-01,0x6050,155213067,234,NR5G_BAND78,631392,,,-730,-110,,300,49.220385,N,16.586214,E,60424,101634,251.2,0.1,2.0
24/04/06,12:16:35,T-Mobile CZ,31.99,NR5G_NSA,Online,230-01,0x6050,155213067,234,NR5G_BAND78,631392,,,-700,-110,,320,49.220393,N,16.586146,E,60424,101637,253.1,0.0,2.0
24/04/06,12:16:38,T-Mobile CZ,31.99,NR5G_NSA,Online,230-01,0x6050,155213067,234,NR5G_BAND78,631392,,,-740,-110,,320,49.220492,N,16.586062,E,60424,101640,254.0,0.0,3.0
24/04/06,12:16:41,T-Mobile CZ,31.99,NR5G_NSA,Online,230-01,0x6050,155213067,234,NR5G_BAND78,631392,,,-750,-110,,325,49.220648,N,16.58594,E,60424,101643,254.6,0.2,3.0
24/04/06,12:16:44,T-Mobile CZ,31.99,NR5G_NSA,Online,230-01,0x6050,155213067,234,NR5G_BAND78,631392,,,-790,-110,,330,49.220846,N,16.585784,E,60424,101646,254.5,0.1,3.0
24/04/06,12:16:47,T-Mobile CZ,31.99,NR5G_NSA,Online,230-01,0x6050,155213067,234,NR5G_BAND78,631392,,,-810,-110,,295,49.221059,N,16.585651,E,60424,101649,256.6,1.9,3.0
24/04/06,12:16:50,T-Mobile CZ,31.99,NR5G_NSA,Online,230-01,0x6050,155213067,234,NR5G_BAND78,631392,,,-830,-110,,285,49.221232,N,16.585538,E,60424,101652,257.4,0.1,3.0
24/04/06,12:16:53,T-Mobile CZ,31.99,NR5G_NSA,Online,230-01,0x6050,155213067,234,NR5G_BAND78,631392,,,-790,-110,,260,49.221351,N,16.58545,E,60424,101655,257.2,-0.0,
24/04/06,12:16:56,T-Mobile CZ,31.99,NR5G_NSA,Online,230-01,0x6050,155213067,234,NR5G_BAND78,631392,,,-800,-110,,250,49.221373,N,16.58543,E,60424,101658,257.7,-0.0,
24/04/06,12:16:59,T-Mobile CZ,31.99,NR5G_NSA,Online,230-01,0x6050,155213067,234,NR5G_BAND78,631392,,,-800,-110,,260,49.221371,N,16.585429,E,60424,101701,257.4,0.0,0.0
24/04/06,12:17:02,T-Mobile CZ,31.99,NR5G_NSA,Online,230-01,0x6050,155213067,234,NR5G_BAND78,631392,,,-790,-110,,260,49.221372,N,16.585427,E,60424,101704,257.0,0.0,0.0
24/04/06,12:17:05,T-Mobile CZ,31.99,NR5G_NSA,Online,230-01,0x6050,155213067,234,NR5G_BAND78,631392,,,-790,-110,,265,49.221374,N,16.585426,E,60424,101707,256.9,0.0,0.0
24/04/06,12:17:08,T-Mobile CZ,31.99,NR5G_NSA,Online,230-01,0x6050,155213067,234,NR5G_BAND78,631392,,,-790,-110,,265,49.221375,N,16.585427,E,60424,101710,257.1,0.0,0.0
24/04/06,12:17:11,T-Mobile CZ,31.99,NR5G_NSA,Online,230-01,0x6050,155213067,234,NR5G_BAND78,631392,,,-790,-110,,255,49.221375,N,16.585427,E,60424,101713,257.0,0.0,0.0
24/04/06,12:17:14,T-Mobile CZ,31.99,NR5G_NSA,Online,230-01,0x6050,155213067,234,NR5G_BAND78,631392,,,-790,-110,,260,49.221375,N,16.585427,E,60424,101716,257.0,0.0,0.0
24/04/06,12:17:17,T-Mobile CZ,31.99,NR5G_NSA,Online,230-01,0x6050,155213067,234,NR5G_BAND78,631392,,,-790,-110,,255,49.221375,N,16.585427,E,60424,101719,257.0,0.0,0.0
24/04/06,12:17:20,T-Mobile CZ,31.99,NR5G_NSA,Online,230-01,0x6050,155213067,234,NR5G_BAND78,631392,,,-790,-110,,255,49.221375,N,16.585427,E,60424,101722,257.1,0.0,0.0
24/04/06,12:17:23,T-Mobile CZ,31.99,NR5G_NSA,Online,230-01,0x6050,155213067,234,NR5G_BAND78,631392,,,-790,-110,,265,49.221376,N,16.585426,E,60424,101725,257.1,0.0,0.0
24/04/06,12:17:26,T-Mobile CZ,31.99,NR5G_NSA,Online,230-01,0x6050,155213067,234,NR5G_BAND78,631392,,,-790,-110,,265,49.221376,N,16.585426,E,60424,101728,257.2,0.0,0.0
24/04/06,12:17:29,T-Mobile CZ,31.99,NR5G_NSA,Online,230-01,0x6050,155213067,234,NR5G_BAND78,631392,,,-790,-110,,265,49.221376,N,16.585425,E,60424,101731,257.2,0.0,0.0
24/04/06,12:17:32,T-Mobile CZ,31.99,NR5G_NSA,Online,230-01,0x6050,155213067,234,NR5G_BAND78,631392,,,-790,-110,,260,49.221376,N,16.585425,E,60424,101734,257.3,0.0,0.0
24/04/06,12:17:35,T-Mobile CZ,31.99,NR5G_NSA,Online,230-01,0x6050,155213067,234,NR5G_BAND78,631392,,,-790,-110,,260,49.221376,N,16.585425,E,60424,101737,257.3,0.0,0.0
24/04/06,12:17:38,T-Mobile CZ,31.99,NR5G_NSA,Online,230-01,0x6050,155213067,234,NR5G_BAND78,631392,,,-790,-110,,250,49.221376,N,16.585424,E,60424,101740,257.4,0.0,0.0
24/04/06,12:17:41,T-Mobile CZ,31.99,NR5G_NSA,Online,230-01,0x6050,155213067,234,NR5G_BAND78,631392,,,-790,-110,,250,49.221376,N,16.585424,E,60424,101743,257.4,0.0,0.0
24/04/06,12:17:44,T-Mobile CZ,31.99,NR5G_NSA,Online,230-01,0x6050,155213067,234,NR5G_BAND78,631392,,,-790,-110,,255,49.221376,N,16.585423,E,60424,101746,257.5,0.0,0.0
24/04/06,12:17:47,T-Mobile CZ,31.99,NR5G_NSA,Online,230-01,0x6050,155213067,234,NR5G_BAND78,631392,,,-790,-110,,255,49.221377,N,16.585423,E,60424,101749,257.5,0.0,0.0
24/04/06,12:17:50,T-Mobile CZ,31.99,NR5G_NSA,Online,230-01,0x6050,155213067,234,NR5G_BAND78,631392,,,-790,-110,,250,49.221377,N,16.585423,E,60424,101752,257.5,0.0,0.0
24/04/06,12:17:53,T-Mobile CZ,31.99,NR5G_NSA,Online,230-01,0x6050,155213067,234,NR5G_BAND78,631392,,,-790,-110,,250,49.221377,N,16.585422,E,60424,101755,257.6,0.0,0.0
24/04/06,12:17:56,T-Mobile CZ,31.99,NR5G_NSA,Online,230-01,0x6050,155213067,234,NR5G_BAND78,631392,,,-790,-110,,255,49.221377,N,16.585422,E,60424,101758,257.6,0.0,0.0
24/04/06,12:17:59,T-Mobile CZ,31.99,NR5G_NSA,Online,230-01,0x6050,155213067,234,NR5G_BAND78,631392,,,-800,-110,,250,49.221377,N,16.585422,E,60424,101801,257.6,0.0,0.0
24/04/06,12:18:02,T-Mobile CZ,31.99,NR5G_NSA,Online,230-01,0x6050,155213067,234,NR5G_BAND78,631392,,,-790,-110,,255,49.221422,N,16.585383,E,60424,101804,257.9,-0.2,
24/04/06,12:18:05,T-Mobile CZ,31.99,NR5G_NSA,Online,230-01,0x6050,155213067,234,NR5G_BAND78,631392,,,-810,-110,,295,49.221532,N,16.585402,E,60424,101807,258.6,0.1,3.0
24/04/06,12:18:08,T-Mobile CZ,31.99,NR5G_NSA,Online,230-01,0x6050,155213067,234,NR5G_BAND78,631392,,,-800,-110,,265,49.221611,N,16.585601,E,60424,101810,258.2,-0.2,
24/04/06,12:18:11,T-Mobile CZ,31.99,NR5G_NSA,Online,230-01,0x6050,155213067,234,NR5G_BAND78,631392,,,-890,-110,,200,49.221703,N,16.585898,E,60424,101813,257.6,-0.5,
24/04/06,12:18:14,T-Mobile CZ,31.99,NR5G_NSA,Online,230-01,0x6050,155213067,234,NR5G_BAND78,631392,,,-920,-130,,115,49.221788,N,16.586188,E,60424,101816,256.8,-0.3,
24/04/06,12:18:17,T-Mobile CZ,29.99,NR5G_NSA,Online,230-01,0x6050,155213067,234,NR5G_BAND78,631392,,,-950,-120,,115,49.221866,N,16.58646,E,60424,101819,256.2,-0.3,
24/04/06,12:18:20,T-Mobile CZ,29.99,NR5G_NSA,Online,230-01,0x6050,155213067,234,NR5G_BAND78,631392,,,-990,-120,,75,49.221951,N,16.586746,E,60424,101822,256.8,-0.0,
24/04/06,12:18:23,T-Mobile CZ,29.99,NR5G_NSA,Online,230-01,0x6050,155213067,234,NR5G_BAND78,631392,,,-1020,-120,,145,49.222023,N,16.587035,E,60424,101825,256.1,-0.2,
24/04/06,12:18:26,T-Mobile CZ,29.99,NR5G_NSA,Online,230-01,0x6050,155213067,234,NR5G_BAND78,631392,,,-1020,-120,,125,49.222096,N,16.587301,E,60424,101828,256.2,0.2,6.0
24/04/06,12:18:29,T-Mobile CZ,29.99,NR5G_NSA,Online,230-01,0x6050,155213067,234,NR5G_BAND78,631392,,,-1020,-120,,115,49.222105,N,16.587537,E,60424,101831,256.2,0.1,1.0
24/04/06,12:18:32,T-Mobile CZ,31.99,NR5G_NSA,Online,230-01,0x6050,155213067,234,NR5G_BAND78,631392,,,-960,-110,,260,49.221955,N,16.587668,E,60424,101834,256.1,0.1,1.0
24/04/06,12:18:35,T-Mobile CZ,31.99,NR5G_NSA,Online,230-01,0x6050,155213067,234,NR5G_BAND78,631392,,,-910,-110,,245,49.221789,N,16.58779,E,60424,101837,255.3,-0.1,
24/04/06,12:18:38,T-Mobile CZ,31.99,NR5G_NSA,Online,230-01,0x6050,155213067,234,NR5G_BAND78,631392,,,-850,-110,,300,49.221656,N,16.587887,E,60424,101840,254.5,0.2,1.0
24/04/06,12:18:41,T-Mobile CZ,31.99,NR5G_NSA,Online,230-01,0x6050,155213067,234,NR5G_BAND78,631392,,,-730,-110,,325,49.221569,N,16.587913,E,60424,101843,252.8,-0.5,
24/04/06,12:18:44,T-Mobile CZ,31.99,NR5G_NSA,Online,230-01,0x6050,155213067,234,NR5G_BAND78,631392,,,-770,-110,,315,49.221525,N,16.587873,E,60424,101846,252.3,0.2,2.0
24/04/06,12:18:47,T-Mobile CZ,31.99,NR5G_NSA,Online,230-01,0x6050,155213067,234,NR5G_BAND78,631392,,,-790,-110,,320,49.221477,N,16.587729,E,60424,101849,252.0,-0.4,
24/04/06,12:18:50,T-Mobile CZ,31.99,NR5G_NSA,Online,230-01,0x6050,155213067,234,NR5G_BAND78,631392,,,-790,-110,,310,49.221412,N,16.5875,E,60424,101852,252.5,0.2,2.0
24/04/06,12:18:53,T-Mobile CZ,31.99,NR5G_NSA,Online,230-01,0x6050,155213067,234,NR5G_BAND78,631392,,,-720,-110,,335,49.221342,N,16.587255,E,60424,101855,253.1,0.1,2.0
24/04/06,12:18:56,T-Mobile CZ,31.99,NR5G_NSA,Online,230-01,0x6050,155213067,234,NR5G_BAND78,631392,,,-810,-110,,310,49.221267,N,16.586995,E,60424,101858,253.8,0.4,2.0
24/04/06,12:18:59,T-Mobile CZ,31.99,NR5G_NSA,Online,230-01,0x6050,155213067,234,NR5G_BAND78,631392,,,-790,-110,,320,49.221196,N,16.586741,E,60424,101901,254.0,-0.3,
24/04/06,12:19:02,T-Mobile CZ,31.99,NR5G_NSA,Online,230-01,0x6050,155213067,234,NR5G_BAND78,631392,,,-850,-110,,290,49.221135,N,16.586515,E,60424,101904,254.0,-0.3,
24/04/06,12:19:05,T-Mobile CZ,31.99,NR5G_NSA,Online,230-01,0x6050,155213067,234,NR5G_BAND78,631392,,,-850,-110,,260,49.221079,N,16.586314,E,60424,101907,254.2,-0.0,
24/04/06,12:19:08,T-Mobile CZ,31.99,NR5G_NSA,Online,230-01,0x6050,155213067,234,NR5G_BAND78,631392,,,-870,-110,,295,49.221028,N,16.586232,E,60424,101910,254.8,0.0,1.0
24/04/06,12:19:11,T-Mobile CZ,31.99,NR5G_NSA,Online,230-01,0x6050,155213067,234,NR5G_BAND78,631392,,,-870,-110,,300,49.22102,N,16.586228,E,60424,101913,255.8,0.0,1.0
24/04/06,12:19:14,T-Mobile CZ,31.99,NR5G_NSA,Online,230-01,0x6050,155213067,234,NR5G_BAND78,631392,,,-860,-110,,265,49.22105,N,16.586228,E,60424,101916,255.9,-0.0,
24/04/06,12:19:17,T-Mobile CZ,31.99,NR5G_NSA,Online,230-01,0x6050,155213067,234,NR5G_BAND78,631392,,,-860,-110,,255,49.22109,N,16.586227,E,60424,101919,255.8,0.0,3.0
24/04/06,12:19:20,T-Mobile CZ,31.99,NR5G_NSA,Online,230-01,0x6050,155213067,234,NR5G_BAND78,631392,,,-880,-110,,245,49.221071,N,16.586258,E,60424,101922,256.9,0.9,1.0
24/04/06,12:19:23,T-Mobile CZ,31.99,NR5G_NSA,Online,230-01,0x6050,155213067,234,NR5G_BAND78,631392,,,-850,-110,,255,49.221115,N,16.58643,E,60424,101925,257.4,0.0,6.0
24/04/06,12:19:26,T-Mobile CZ,31.99,NR5G_NSA,Online,230-01,0x6050,155213067,234,NR5G_BAND78,631392,,,-840,-110,,300,49.221179,N,16.586646,E,60424,101928,256.5,-0.2,
24/04/06,12:19:29,T-Mobile CZ,31.99,NR5G_NSA,Online,230-01,0x6050,155213067,234,NR5G_BAND78,631392,,,-760,-110,,320,49.221241,N,16.586883,E,60424,101931,255.1,-0.3,
24/04/06,12:19:32,T-Mobile CZ,31.99,NR5G_NSA,Online,230-01,0x6050,155213067,234,NR5G_BAND78,631392,,,-810,-110,,300,49.221305,N,16.587136,E,60424,101934,254.6,-0.2,
24/04/06,12:19:35,T-Mobile CZ,31.99,NR5G_NSA,Online,230-01,0x6050,155213067,234,NR5G_BAND78,631392,,,-760,-110,,315,49.221372,N,16.587372,E,60424,101937,254.0,-0.1,
24/04/06,12:19:38,T-Mobile CZ,31.99,NR5G_NSA,Online,230-01,0x6050,155213067,234,NR5G_BAND78,631392,,,-820,-110,,300,49.221431,N,16.587609,E,60424,101940,253.5,-0.2,
24/04/06,12:19:41,T-Mobile CZ,31.99,NR5G_NSA,Online,230-01,0x6050,155213067,234,NR5G_BAND78,631392,,,-800,-110,,315,49.221488,N,16.587805,E,60424,101943,252.6,-0.2,
24/04/06,12:19:44,T-Mobile CZ,31.99,NR5G_NSA,Online,230-01,0x6050,155213067,234,NR5G_BAND78,631392,,,-730,-110,,305,49.221514,N,16.587894,E,60424,101946,252.7,0.3,4.0
24/04/06,12:19:47,T-Mobile CZ,31.99,NR5G_NSA,Online,230-01,0x6050,155213067,234,NR5G_BAND78,631392,,,-690,-110,,330,49.221616,N,16.587891,E,60424,101949,252.1,-0.1,
24/04/06,12:19:50,T-Mobile CZ,31.99,NR5G_NSA,Online,230-01,0x6050,155213067,234,NR5G_BAND78,631392,,,-870,-110,,280,49.221771,N,16.58778,E,60424,101952,253.5,0.5,3.0
24/04/06,12:19:53,T-Mobile CZ,30.99,NR5G_NSA,Online,230-01,0x6050,155213067,234,NR5G_BAND78,631392,,,-960,-110,,240,49.221922,N,16.587687,E,60424,101955,254.6,0.8,3.0
24/04/06,12:19:56,T-Mobile CZ,28.99,NR5G_NSA,Online,230-01,0x6050,155241228,234,NR5G_BAND78,631392,,,-960,-110,,235,49.221979,N,16.58765,E,60424,101958,255.4,0.1,3.0
24/04/06,12:19:59,T-Mobile CZ,31.99,NR5G_NSA,Online,230-01,0x6050,155241228,234,NR5G_BAND78,631392,,,-1000,-110,,210,49.222049,N,16.5876,E,60424,102001,253.6,0.2,3.0
24/04/06,12:20:02,T-Mobile CZ,31.99,NR5G_NSA,Online,230-01,0x6050,155241228,234,NR5G_BAND78,631392,,,-1030,-110,,230,49.222074,N,16.587588,E,60424,102004,252.9,-0.1,
24/04/06,12:20:05,T-Mobile CZ,25.99,NR5G_NSA,Online,230-01,0x6050,154898189,234,NR5G_BAND78,631392,,,-1010,-120,,175,49.222077,N,16.587579,E,60424,102007,252.7,-0.0,
24/04/06,12:20:08,T-Mobile CZ,28.99,NR5G_NSA,Online,230-01,0x6050,155241228,234,NR5G_BAND78,631392,,,-1020,-120,,125,49.222182,N,16.587497,E,60424,102010,252.5,0.2,3.0
24/04/06,12:20:11,T-Mobile CZ,31.99,NR5G_NSA,Online,230-01,0x6050,155241228,234,NR5G_BAND78,631392,,,-1040,-120,,140,49.222356,N,16.587385,E,60424,102013,254.0,0.3,3.0
24/04/06,12:20:14,T-Mobile CZ,31.99,NR5G_NSA,Online,230-01,0x6050,155241228,234,NR5G_BAND78,631392,,,-1090,-130,,120,49.222533,N,16.587282,E,60424,102016,253.1,-0.0,
24/04/06,12:20:17,T-Mobile CZ,31.99,NR5G_NSA,Online,230-01,0x6050,155241228,234,NR5G_BAND78,631392,,,-1090,-130,,155,49.222696,N,16.587178,E,60424,102019,253.1,0.9,3.0
24/04/06,12:20:20,T-Mobile CZ,31.99,NR5G_NSA,Online,230-01,0x6050,155241228,234,NR5G_BAND78,631392,,,-1090,-140,,190,49.222869,N,16.587055,E,60424,102022,252.2,0.2,3.0
24/04/06,12:20:23,T-Mobile CZ,31.99,NR5G_NSA,Online,230-01,0x6050,155241228,234,NR5G_BAND78,631392,,,-1000,-120,,165,49.223021,N,16.586945,E,60424,102025,253.0,0.2,3.0
24/04/06,12:20:26,T-Mobile CZ,31.99,NR5G_NSA,Online,230-01,0x6050,155241228,234,NR5G_BAND78,631392,,,-1080,-140,,120,49.223117,N,16.586882,E,60424,102028,253.0,0.3,3.0
24/04/06,12:20:29,T-Mobile CZ,31.99,NR5G_NSA,Online,230-01,0x6050,155241228,234,NR5G_BAND78,631392,,,-1100,-150,,105,49.223213,N,16.58681,E,60424,102031,252.4,-0.0,
24/04/06,12:20:32,T-Mobile CZ,31.99,NR5G_NSA,Online,230-01,0x6050,155241228,234,NR5G_BAND78,631392,,,-1050,-130,,150,49.223365,N,16.58669,E,60424,102034,252.3,0.1,3.0
24/04/06,12:20:35,T-Mobile CZ,31.99,NR5G_NSA,Online,230-01,0x6050,155241228,234,NR5G_BAND78,631392,,,-1050,-130,,160,49.223541,N,16.58657,E,60424,102037,253.0,0.3,3.0
24/04/06,12:20:38,T-Mobile CZ,31.99,NR5G_NSA,Online,230-01,0x6050,155241228,234,NR5G_BAND78,631392,,,-1070,-130,,150,49.22372,N,16.586453,E,60424,102040,254.6,0.1,3.0
24/04/06,12:20:41,T-Mobile CZ,31.99,NR5G_NSA,Online,230-01,0x6050,155241228,234,NR5G_BAND78,631392,,,-1090,-140,,145,49.223901,N,16.586317,E,60424,102043,255.3,0.1,3.0
24/04/06,12:20:44,T-Mobile CZ,31.99,NR5G_NSA,Online,230-01,0x6050,155241228,234,NR5G_BAND78,631392,,,-1080,-130,,150,49.224083,N,16.5862,E,60424,102046,255.6,0.0,3.0
24/04/06,12:20:47,T-Mobile CZ,31.99,NR5G_NSA,Online,230-01,0x6050,155241228,234,NR5G_BAND78,631392,,,-1070,-140,,160,49.224252,N,16.586084,E,60424,102049,254.7,-0.8,
24/04/06,12:20:50,T-Mobile CZ,31.99,NR5G_NSA,Online,230-01,0x6050,155241228,234,NR5G_BAND78,631392,,,-1070,-130,,155,49.224334,N,16.586011,E,60424,102052,255.1,0.1,3.0
24/04/06,12:23:32,T-Mobile CZ,31.99,NR5G_NSA,Online,230-01,0x6050,155241229,234,NR5G_BAND78,631392,,,-1110,-150,,105,49.224207,N,16.585213,E,60424,102334,259.9,0.2,2.0
24/04/06,12:23:35,T-Mobile CZ,31.99,NR5G_NSA,Online,230-01,0x6050,155241229,234,NR5G_BAND78,631392,,,-1140,-180,,95,49.22415,N,16.584985,E,60424,102337,260.7,0.2,2.0
24/04/06,12:23:38,T-Mobile CZ,31.99,NR5G_NSA,Online,230-01,0x6050,155241229,234,NR5G_BAND78,631392,,,-1070,-130,,120,49.224092,N,16.584767,E,60424,102340,261.1,-0.1,
24/04/06,12:23:41,T-Mobile CZ,31.99,NR5G_NSA,Online,230-01,0x6050,155241229,234,NR5G_BAND78,631392,,,-1110,-160,,100,49.22401,N,16.584488,E,60424,102343,261.6,0.2,2.0
24/04/06,12:23:44,T-Mobile CZ,31.99,NR5G_NSA,Online,230-01,0x6050,155241229,234,NR5G_BAND78,631392,,,-1130,-170,,85,49.223924,N,16.584201,E,60424,102346,260.9,-0.4,
24/04/06,12:23:47,T-Mobile CZ,31.99,NR5G_NSA,Online,230-01,0x6050,155241229,234,NR5G_BAND78,631392,,,-1070,-130,,125,49.223857,N,16.58395,E,60424,102349,261.9,0.3,2.0
24/04/06,12:23:50,T-Mobile CZ,31.99,NR5G_NSA,Online,230-01,0x6050,155241229,234,NR5G_BAND78,631392,,,-900,-110,,215,49.223831,N,16.583819,E,60424,102352,262.7,0.0,2.0
24/04/06,12:23:53,T-Mobile CZ,31.99,NR5G_NSA,Online,230-01,0x6050,155241229,234,NR5G_BAND78,631392,,,-860,-110,,225,49.223913,N,16.583686,E,60424,102355,264.3,0.3,3.0
24/04/06,12:23:56,T-Mobile CZ,31.99,NR5G_NSA,Online,230-01,0x6050,155241229,234,NR5G_BAND78,631392,,,-940,-110,,275,49.224094,N,16.58355,E,60424,102358,264.5,0.1,3.0
24/04/06,12:24:20,T-Mobile CZ,26.99,NR5G_NSA,Online,230-01,0x6050,155213067,234,NR5G_BAND78,631392,,,-890,-110,,280,49.223895,N,16.582621,E,60424,102422,267.2,-0.1,
24/04/06,12:24:23,T-Mobile CZ,30.99,NR5G_NSA,Online,230-01,0x6050,155213067,234,NR5G_BAND78,631392,,,-830,-110,,320,49.223742,N,16.582718,E,60424,102425,267.2,-0.2,
24/04/06,12:24:26,T-Mobile CZ,29.99,NR5G_NSA,Online,230-01,0x6050,155213067,234,NR5G_BAND78,631392,,,-890,-110,,285,49.223605,N,16.582816,E,60424,102428,267.3,0.0,1.0
24/04/06,12:24:29,T-Mobile CZ,29.99,NR5G_NSA,Online,230-01,0x6050,155213067,234,NR5G_BAND78,631392,,,-860,-110,,300,49.223471,N,16.5829,E,60424,102431,266.9,0.1,1.0
24/04/06,12:24:32,T-Mobile CZ,31.99,NR5G_NSA,Online,230-01,0x6050,155213067,234,NR5G_BAND78,631392,,,-860,-110,,275,49.223324,N,16.583002,E,60424,102434,268.4,0.1,1.0
24/04/06,12:24:35,T-Mobile CZ,31.99,NR5G_NSA,Online,230-01,0x6050,155213067,234,NR5G_BAND78,631392,,,-810,-110,,325,49.223174,N,16.583098,E,60424,102437,267.8,0.1,1.0
24/04/06,12:24:38,T-Mobile CZ,31.99,NR5G_NSA,Online,230-01,0x6050,155213067,234,NR5G_BAND78,631392,,,-880,-110,,295,49.223043,N,16.583203,E,60424,102440,267.8,0.2,1.0
24/04/06,12:24:41,T-Mobile CZ,28.99,NR5G_NSA,Online,230-01,0x6050,155213067,234,NR5G_BAND78,631392,,,-940,-110,,240,49.222944,N,16.583273,E,60424,102443,267.2,0.0,1.0
24/04/06,12:24:44,T-Mobile CZ,28.99,NR5G_NSA,Online,230-01,0x6050,155213067,234,NR5G_BAND78,631392,,,-940,-110,,235,49.222888,N,16.583287,E,60424,102446,266.8,-0.0,
24/04/06,12:24:47,T-Mobile CZ,28.99,NR5G_NSA,Online,230-01,0x6050,155213067,234,NR5G_BAND78,631392,,,-970,-120,,235,49.222852,N,16.583242,E,60424,102449,267.1,0.1,2.0
24/04/06,12:24:50,T-Mobile CZ,27.99,NR5G_NSA,Online,230-01,0x6050,155213067,234,NR5G_BAND78,631392,,,-960,-110,,235,49.222796,N,16.583066,E,60424,102452,267.9,0.4,2.0
24/04/06,12:24:53,T-Mobile CZ,27.99,NR5G_NSA,Online,230-01,0x6050,155213067,234,NR5G_BAND78,631392,,,-960,-110,,240,49.222744,N,16.582884,E,60424,102455,269.1,0.2,2.0
24/04/06,12:24:56,T-Mobile CZ,27.99,NR5G_NSA,Online,230-01,0x6050,155213067,234,NR5G_BAND78,631392,,,-960,-110,,235,49.222703,N,16.582734,E,60424,102458,269.8,0.1,2.0
24/04/06,12:24:59,T-Mobile CZ,27.99,NR5G_NSA,Online,230-01,0x6050,155213067,234,NR5G_BAND78,631392,,,-990,-110,,230,49.222627,N,16.582734,E,60424,102501,269.3,-0.4,
24/04/06,12:25:02,T-Mobile CZ,28.99,NR5G_NSA,Online,230-01,0x6050,155213067,234,NR5G_BAND78,631392,,,-1000,-120,,235,49.222501,N,16.582812,E,60424,102504,268.8,-0.7,
24/04/06,12:25:05,T-Mobile CZ,28.99,NR5G_NSA,Online,230-01,0x6050,155213067,234,NR5G_BAND78,631392,,,-1030,-120,,210,49.222388,N,16.582891,E,60424,102507,268.5,-0.2,
24/04/06,12:25:50,T-Mobile CZ,26.99,NR5G_NSA,Online,230-01,0x6050,155213069,234,NR5G_BAND78,631392,,,-960,-110,,240,49.222701,N,16.582787,E,60424,102552,269.2,-0.2,
24/04/06,12:25:53,T-Mobile CZ,28.99,NR5G_NSA,Online,230-01,0x6050,155213069,234,NR5G_BAND78,631392,,,-950,-110,,225,49.222743,N,16.582908,E,60424,102555,268.6,-0.1,
24/04/06,12:25:56,T-Mobile CZ,28.99,NR5G_NSA,Online,230-01,0x6050,155213069,234,NR5G_BAND78,631392,,,-950,-110,,230,49.22278,N,16.583029,E,60424,102558,267.7,-0.2,
24/04/06,12:25:59,T-Mobile CZ,28.99,NR5G_NSA,Online,230-01,0x6050,155213069,234,NR5G_BAND78,631392,,,-990,-110,,235,49.222816,N,16.583153,E,60424,102601,267.2,-0.2,
24/04/06,12:26:02,T-Mobile CZ,22.99,NR5G_NSA,Online,230-01,0x6050,155213067,234,NR5G_BAND78,631392,,,-950,-110,,235,49.222849,N,16.583282,E,60424,102604,266.3,-0.3,
24/04/06,12:26:05,T-Mobile CZ,31.99,NR5G_NSA,Online,230-01,0x6050,155213067,234,NR5G_BAND78,631392,,,-860,-110,,315,49.22284,N,16.583421,E,60424,102607,265.6,-0.2,
24/04/06,12:26:08,T-Mobile CZ,31.99,NR5G_NSA,Online,230-01,0x6050,155213067,234,NR5G_BAND78,631392,,,-890,-110,,320,49.222782,N,16.583519,E,60424,102610,264.9,-0.3,
24/04/06,12:26:11,T-Mobile CZ,31.99,NR5G_NSA,Online,230-01,0x6050,155213067,234,NR5G_BAND78,631392,,,-840,-110,,310,49.222692,N,16.583606,E,60424,102613,264.1,-0.3,
24/04/06,12:26:14,T-Mobile CZ,31.99,NR5G_NSA,Online,230-01,0x6050,155213067,234,NR5G_BAND78,631392,,,-880,-110,,295,49.222574,N,16.583702,E,60424,102616,263.5,-0.5,
24/04/06,12:26:17,T-Mobile CZ,31.99,NR5G_NSA,Online,230-01,0x6050,155213067,234,NR5G_BAND78,631392,,,-920,-110,,220,49.222461,N,16.583815,E,60424,102619,263.3,-0.1,
24/04/06,12:26:20,T-Mobile CZ,31.99,NR5G_NSA,Online,230-01,0x6050,155213067,234,NR5G_BAND78,631392,,,-980,-110,,190,49.222396,N,16.583993,E,60424,102622,262.7,-0.2,
24/04/06,12:26:23,T-Mobile CZ,26.99,NR5G_NSA,Online,230-01,0x6050,155213067,234,NR5G_BAND78,631392,,,-1010,-130,,90,49.222441,N,16.5842,E,60424,102625,261.5,-0.2,
24/04/06,12:26:26,T-Mobile CZ,26.99,NR5G_NSA,Online,230-01,0x6050,155213067,234,NR5G_BAND78,631392,,,-980,-120,,150,49.222491,N,16.584385,E,60424,102628,260.6,-0.1,
24/04/06,12:26:29,T-Mobile CZ,26.99,NR5G_NSA,Online,230-01,0x6050,155213067,234,NR5G_BAND78,631392,,,-780,-110,,240,49.222514,N,16.584473,E,60424,102631,260.4,-0.0,
24/04/06,12:26:32,T-Mobile CZ,31.99,NR5G_NSA,Online,230-01,0x6050,155213067,234,NR5G_BAND78,631392,,,-830,-110,,245,49.22253,N,16.584511,E,60424,102634,260.4,-0.1,
24/04/06,12:26:35,T-Mobile CZ,31.99,NR5G_NSA,Online,230-01,0x6050,155213067,234,NR5G_BAND78,631392,,,-880,-110,,230,49.222592,N,16.584678,E,60424,102637,260.3,-0.4,
24/04/06,12:26:38,T-Mobile CZ,31.99,NR5G_NSA,Online,230-01,0x6050,155213067,234,NR5G_BAND78,631392,,,-1020,-130,,115,49.222658,N,16.584912,E,60424,102640,259.5,-0.3,
24/04/06,12:26:41,T-Mobile CZ,26.99,NR5G_NSA,Online,230-01,0x6050,155213067,234,NR5G_BAND78,631392,,,-1080,-160,,5,49.22272,N,16.585146,E,60424,102643,258.8,-0.5,
24/04/06,12:26:44,T-Mobile CZ,26.99,NR5G_NSA,Online,230-01,0x6050,155213067,234,NR5G_BAND78,631392,,,-1090,-170,,-5,49.222782,N,16.585378,E,60424,102646,258.0,-0.2,
24/04/06,12:26:47,T-Mobile CZ,25.99,NR5G_NSA,Online,230-01,0x6050,155213067,234,NR5G_BAND78,631392,,,-1110,-170,,5,49.222831,N,16.58557,E,60424,102649,256.8,-0.1,
24/04/06,12:26:50,T-Mobile CZ,27.99,NR5G_NSA,Online,230-01,0x6050,155241228,234,NR5G_BAND78,631392,,,-1080,-160,,35,49.222866,N,16.585701,E,60424,102652,256.4,-0.2,
24/04/06,12:26:53,T-Mobile CZ,27.99,NR5G_NSA,Online,230-01,0x6050,155241228,234,NR5G_BAND78,631392,,,-1110,-170,,35,49.222923,N,16.585902,E,60424,102655,256.1,-0.2,
24/04/06,12:26:56,T-Mobile CZ,29.99,NR5G_NSA,Online,230-01,0x6050,155241228,234,NR5G_BAND78,631392,,,-1100,-190,,45,49.222989,N,16.586125,E,60424,102658,255.7,-0.2,
24/04/06,12:26:59,T-Mobile CZ,29.99,NR5G_NSA,Online,230-01,0x6050,155241228,234,NR5G_BAND78,631392,,,-1060,-170,,50,49.223048,N,16.586343,E,60424,102701,255.1,-0.2,
24/04/06,12:27:02,T-Mobile CZ,29.99,NR5G_NSA,Online,230-01,0x6050,155241228,234,NR5G_BAND78,631392,,,-1050,-130,,100,49.223105,N,16.586554,E,60424,102704,254.7,-0.1,
24/04/06,12:27:05,T-Mobile CZ,31.99,NR5G_NSA,Online,230-01,0x6050,155241228,234,NR5G_BAND78,631392,,,-980,-120,,130,49.223144,N,16.586707,E,60424,102707,254.2,-0.1,
24/04/06,12:27:08,T-Mobile CZ,31.99,NR5G_NSA,Online,230-01,0x6050,155241228,234,NR5G_BAND78,631392,,,-960,-110,,140,49.223155,N,16.586755,E,60424,102710,254.0,-0.0,
24/04/06,12:27:11,T-Mobile CZ,31.99,NR5G_NSA,Online,230-01,0x6050,155241228,234,NR5G_BAND78,631392,,,-1050,-130,,110,49.223152,N,16.586809,E,60424,102713,253.9,-0.1,
24/04/06,12:27:14,T-Mobile CZ,31.99,NR5G_NSA,Online,230-01,0x6050,155241228,234,NR5G_BAND78,631392,,,-970,-110,,135,49.223067,N,16.586891,E,60424,102716,253.3,-0.0,
24/04/06,12:27:17,T-Mobile CZ,31.99,NR5G_NSA,Online,230-01,0x6050,155241228,234,NR5G_BAND78,631392,,,-1060,-130,,135,49.222923,N,16.586988,E,60424,102719,252.6,0.0,1.0
24/04/06,12:27:20,T-Mobile CZ,31.99,NR5G_NSA,Online,230-01,0x6050,155241228,234,NR5G_BAND78,631392,,,-1100,-150,,105,49.222752,N,16.587108,E,60424,102722,251.8,-0.1,
24/04/06,12:27:23,T-Mobile CZ,31.99,NR5G_NSA,Online,230-01,0x6050,155241228,234,NR5G_BAND78,631392,,,-1090,-140,,135,49.222588,N,16.58722,E,60424,102725,251.2,-0.0,
24/04/06,12:27:26,T-Mobile CZ,31.99,NR5G_NSA,Online,230-01,0x6050,155241228,234,NR5G_BAND78,631392,,,-1080,-140,,110,49.222445,N,16.587328,E,60424,102728,250.8,0.0,1.0
24/04/06,12:27:29,T-Mobile CZ,31.99,NR5G_NSA,Online,230-01,0x6050,155241228,234,NR5G_BAND78,631392,,,-1050,-120,,185,49.222305,N,16.5874,E,60424,102731,251.4,-0.3,
24/04/06,12:27:32,T-Mobile CZ,31.99,NR5G_NSA,Online,230-01,0x6050,155241228,234,NR5G_BAND78,631392,,,-1030,-120,,140,49.222231,N,16.587466,E,60424,102734,251.0,-0.1,
24/04/06,12:27:35,T-Mobile CZ,31.99,NR5G_NSA,Online,230-01,0x6050,155241228,234,NR5G_BAND78,631392,,,-1010,-120,,230,49.222173,N,16.587467,E,60424,102737,251.4,0.0,2.0
24/04/06,12:27:38,T-Mobile CZ,30.99,NR5G_NSA,Online,230-01,0x6050,155241228,234,NR5G_BAND78,631392,,,-1030,-120,,115,49.222093,N,16.587256,E,60424,102740,251.9,0.1,2.0
24/04/06,12:27:41,T-Mobile CZ,30.99,NR5G_NSA,Online,230-01,0x6050,155213067,234,NR5G_BAND78,631392,,,-1020,-140,,105,49.22199,N,16.586915,E,60424,102743,252.6,0.1,2.0
24/04/06,12:27:44,T-Mobile CZ,30.99,NR5G_NSA,Online,230-01,0x6050,155213067,234,NR5G_BAND78,631392,,,-1000,-120,,155,49.221898,N,16.586561,E,60424,102746,253.9,-0.4,
24/04/06,12:27:47,T-Mobile CZ,30.99,NR5G_NSA,Online,230-01,0x6050,155213067,234,NR5G_BAND78,631392,,,-960,-110,,165,49.221835,N,16.586267,E,60424,102749,254.4,0.1,2.0
24/04/06,12:27:50,T-Mobile CZ,31.99,NR5G_NSA,Online,230-01,0x6050,155213067,234,NR5G_BAND78,631392,,,-920,-110,,215,49.22178,N,16.586042,E,60424,102752,254.6,-0.0,
24/04/06,12:27:53,T-Mobile CZ,31.99,NR5G_NSA,Online,230-01,0x6050,155213067,234,NR5G_BAND78,631392,,,-870,-110,,220,49.221741,N,16.585877,E,60424,102755,254.9,-0.2,
24/04/06,12:27:56,T-Mobile CZ,31.99,NR5G_NSA,Online,230-01,0x6050,155213067,234,NR5G_BAND78,631392,,,-880,-110,,230,49.221706,N,16.585745,E,60424,102758,255.7,0.1,2.0
24/04/06,12:27:59,T-Mobile CZ,31.99,NR5G_NSA,Online,230-01,0x6050,155213067,234,NR5G_BAND78,631392,,,-850,-110,,245,49.221685,N,16.585648,E,60424,102801,256.0,-0.1,
24/04/06,12:28:02,T-Mobile CZ,31.99,NR5G_NSA,Online,230-01,0x6050,155213067,234,NR5G_BAND78,631392,,,-840,-110,,280,49.221642,N,16.585493,E,60424,102804,256.4,0.1,2.0
24/04/06,12:28:05,T-Mobile CZ,31.99,NR5G_NSA,Online,230-01,0x6050,155213067,234,NR5G_BAND78,631392,,,-830,-110,,280,49.221608,N,16.585385,E,60424,102807,257.4,-0.1,
24/04/06,12:28:08,T-Mobile CZ,31.99,NR5G_NSA,Online,230-01,0x6050,155213067,234,NR5G_BAND78,631392,,,-750,-110,,300,49.221532,N,16.585188,E,60424,102810,258.9,0.0,2.0
24/04/06,12:28:11,T-Mobile CZ,31.99,NR5G_NSA,Online,230-01,0x6050,155213067,234,NR5G_BAND78,631392,,,-820,-110,,285,49.22143,N,16.584884,E,60424,102813,259.5,0.3,2.0
24/04/06,12:28:14,T-Mobile CZ,31.99,NR5G_NSA,Online,230-01,0x6050,155213067,234,NR5G_BAND78,631392,,,-920,-110,,195,49.221321,N,16.584562,E,60424,102816,260.2,0.3,2.0
24/04/06,12:28:17,T-Mobile CZ,31.99,NR5G_NSA,Online,230-01,0x6050,155213067,236,NR5G_BAND78,631392,,,-950,-120,,170,49.221205,N,16.584204,E,60424,102819,260.6,0.4,2.0
24/04/06,12:28:20,T-Mobile CZ,31.99,NR5G_NSA,Online,230-01,0x6050,155213067,236,NR5G_BAND78,631392,,,-880,-110,,140,49.221107,N,16.583904,E,60424,102822,261.9,0.3,2.0
24/04/06,12:28:23,T-Mobile CZ,31.99,NR5G_NSA,Online,230-01,0x6050,155213067,236,NR5G_BAND78,631392,,,-940,-110,,240,49.22108,N,16.58366,E,60424,102825,261.8,0.1,2.0
24/04/06,12:28:26,T-Mobile CZ,31.99,NR5G_NSA,Online,230-01,0x6050,155213069,236,NR5G_BAND78,631392,,,-930,-110,,245,49.221219,N,16.583485,E,60424,102828,262.9,0.5,3.0
24/04/06,12:28:29,T-Mobile CZ,31.99,NR5G_NSA,Online,230-01,0x6050,155213069,236,NR5G_BAND78,631392,,,-910,-110,,255,49.221381,N,16.583346,E,60424,102831,264.1,0.4,3.0
24/04/06,12:28:32,T-Mobile CZ,31.99,NR5G_NSA,Online,230-01,0x6050,155213069,236,NR5G_BAND78,631392,,,-850,-110,,280,49.221526,N,16.583196,E,60424,102834,265.1,0.2,3.0
24/04/06,12:28:35,T-Mobile CZ,31.99,NR5G_NSA,Online,230-01,0x6050,155213069,236,NR5G_BAND78,631392,,,-840,-110,,275,49.221631,N,16.582993,E,60424,102837,266.3,0.5,2.0
24/04/06,12:28:38,T-Mobile CZ,31.99,NR5G_NSA,Online,230-01,0x6050,155213069,236,NR5G_BAND78,631392,,,-880,-110,,265,49.221619,N,16.582753,E,60424,102840,267.2,0.3,2.0
24/04/06,12:28:41,T-Mobile CZ,31.99,NR5G_NSA,Online,230-01,0x6050,155213069,236,NR5G_BAND78,631392,,,-930,-110,,235,49.221579,N,16.582589,E,60424,102843,268.2,0.1,2.0
24/04/06,12:28:44,T-Mobile CZ,31.99,NR5G_NSA,Online,230-01,0x6050,155213069,236,NR5G_BAND78,631392,,,-940,-110,,255,49.221563,N,16.582518,E,60424,102846,268.4,-0.0,
24/04/06,12:28:47,T-Mobile CZ,31.99,NR5G_NSA,Online,230-01,0x6050,155213069,236,NR5G_BAND78,631392,,,-930,-110,,255,49.221554,N,16.582486,E,60424,102849,268.2,-0.0,
24/04/06,12:28:50,T-Mobile CZ,31.99,NR5G_NSA,Online,230-01,0x6050,155213069,236,NR5G_BAND78,631392,,,-940,-110,,255,49.221529,N,16.582395,E,60424,102852,268.0,-0.1,
24/04/06,12:28:53,T-Mobile CZ,30.99,NR5G_NSA,Online,230-01,0x6050,155213069,236,NR5G_BAND78,631392,,,-950,-110,,245,49.22156,N,16.582228,E,60424,102855,267.5,0.1,3.0
24/04/06,12:28:56,T-Mobile CZ,30.99,NR5G_NSA,Online,230-01,0x6050,155213069,236,NR5G_BAND78,631392,,,-950,-110,,270,49.22172,N,16.582068,E,60424,102858,268.1,0.3,3.0
24/04/06,12:28:59,T-Mobile CZ,31.99,NR5G_NSA,Online,230-01,0x6050,155213069,236,NR5G_BAND78,631392,,,-1000,-110,,185,49.221981,N,16.581804,E,60424,102901,269.3,0.5,3.0
24/04/06,12:29:02,T-Mobile CZ,28.99,NR5G_NSA,Online,230-01,0x6050,155213069,236,NR5G_BAND78,631392,,,-1010,-120,,175,49.22232,N,16.581485,E,60424,102904,271.2,0.6,3.0
24/04/06,12:33:05,T-Mobile CZ,28.99,NR5G_NSA,Online,230-01,0x6050,155213067,234,NR5G_BAND78,631392,,,-950,-110,,145,49.224979,N,16.582856,E,60424,103307,267.5,-0.3,
24/04/06,12:33:14,T-Mobile CZ,27.99,NR5G_NSA,Online,230-01,0x6050,155213067,234,NR5G_BAND78,631392,,,-920,-110,,255,49.224305,N,16.583317,E,60424,103316,264.6,-0.2,
24/04/06,12:33:17,T-Mobile CZ,31.99,NR5G_NSA,Online,230-01,0x6050,155213067,234,NR5G_BAND78,631392,,,-890,-110,,245,49.22409,N,16.583471,E,60424,103319,263.7,-0.3,
24/04/06,12:33:20,T-Mobile CZ,31.99,NR5G_NSA,Online,230-01,0x6050,155213067,234,NR5G_BAND78,631392,,,-820,-110,,300,49.223866,N,16.583631,E,60424,103322,262.8,-0.2,
24/04/06,12:33:23,T-Mobile CZ,31.99,NR5G_NSA,Online,230-01,0x6050,155241229,234,NR5G_BAND78,631392,,,-870,-110,,235,49.223644,N,16.583792,E,60424,103325,261.8,-0.2,
24/04/06,12:33:26,T-Mobile CZ,29.99,NR5G_NSA,Online,230-01,0x6050,155213067,234,NR5G_BAND78,631392,,,-890,-110,,245,49.223411,N,16.583952,E,60424,103328,260.7,-0.3,
24/04/06,12:33:29,T-Mobile CZ,29.99,NR5G_NSA,Online,230-01,0x6050,155213067,234,NR5G_BAND78,631392,,,-920,-110,,305,49.223173,N,16.584108,E,60424,103331,260.0,-0.3,
24/04/06,12:33:32,T-Mobile CZ,31.99,NR5G_NSA,Online,230-01,0x6050,155213067,234,NR5G_BAND78,631392,,,-800,-110,,310,49.222943,N,16.58426,E,60424,103334,259.4,-0.2,
24/04/06,12:33:35,T-Mobile CZ,31.99,NR5G_NSA,Online,230-01,0x6050,155213067,234,NR5G_BAND78,631392,,,-850,-110,,260,49.222725,N,16.584415,E,60424,103337,258.5,-0.2,
24/04/06,12:33:38,T-Mobile CZ,31.99,NR5G_NSA,Online,230-01,0x6050,155213067,234,NR5G_BAND78,631392,,,-780,-110,,280,49.222513,N,16.584565,E,60424,103340,257.6,-0.3,
24/04/06,12:33:41,T-Mobile CZ,31.99,NR5G_NSA,Online,230-01,0x6050,155213067,234,NR5G_BAND78,631392,,,-800,-110,,245,49.222305,N,16.584712,E,60424,103343,258.1,-0.1,
24/04/06,12:33:44,T-Mobile CZ,31.99,NR5G_NSA,Online,230-01,0x6050,155213067,234,NR5G_BAND78,631392,,,-750,-110,,275,49.222121,N,16.584842,E,60424,103346,257.7,0.1,1.0
24/04/06,12:33:47,T-Mobile CZ,31.99,NR5G_NSA,Online,230-01,0x6050,155213067,234,NR5G_BAND78,631392,,,-790,-110,,290,49.221997,N,16.58493,E,60424,103349,257.3,-0.2,
24/04/06,12:33:50,T-Mobile CZ,31.99,NR5G_NSA,Online,230-01,0x6050,155213067,234,NR5G_BAND78,631392,,,-840,-110,,290,49.221942,N,16.584954,E,60424,103352,257.6,0.0,1.0
24/04/06,12:33:53,T-Mobile CZ,31.99,NR5G_NSA,Online,230-01,0x6050,155213067,234,NR5G_BAND78,631392,,,-780,-110,,330,49.22192,N,16.584952,E,60424,103355,258.0,0.0,1.0
24/04/06,12:33:56,T-Mobile CZ,31.99,NR5G_NSA,Online,230-01,0x6050,155213067,234,NR5G_BAND78,631392,,,-810,-110,,340,49.221909,N,16.584957,E,60424,103358,259.1,0.0,0.0
24/04/06,12:33:59,T-Mobile CZ,31.99,NR5G_NSA,Online,230-01,0x6050,155213067,234,NR5G_BAND78,631392,,,-810,-110,,340,49.2219,N,16.584955,E,60424,103401,259.6,0.0,0.0
24/04/06,12:34:02,T-Mobile CZ,31.99,NR5G_NSA,Online,230-01,0x6050,155213067,234,NR5G_BAND78,631392,,,-810,-110,,340,49.221897,N,16.584946,E,60424,103404,259.7,0.0,0.0
24/04/06,12:34:05,T-Mobile CZ,31.99,NR5G_NSA,Online,230-01,0x6050,155213067,234,NR5G_BAND78,631392,,,-740,-110,,335,49.221886,N,16.584956,E,60424,103407,259.8,-0.1,
24/04/06,12:34:08,T-Mobile CZ,31.99,NR5G_NSA,Online,230-01,0x6050,155213067,234,NR5G_BAND78,631392,,,-810,-110,,290,49.221832,N,16.584998,E,60424,103410,260.4,0.0,1.0
24/04/06,12:34:11,T-Mobile CZ,31.99,NR5G_NSA,Online,230-01,0x6050,155213067,234,NR5G_BAND78,631392,,,-800,-110,,325,49.221772,N,16.585037,E,60424,103413,259.9,-0.0,
24/04/06,12:34:14,T-Mobile CZ,31.99,NR5G_NSA,Online,230-01,0x6050,155213067,234,NR5G_BAND78,631392,,,-780,-110,,305,49.221724,N,16.585073,E,60424,103416,260.4,-0.1,
24/04/06,12:34:17,T-Mobile CZ,31.99,NR5G_NSA,Online,230-01,0x6050,155213067,234,NR5G_BAND78,631392,,,-770,-110,,300,49.221682,N,16.585109,E,60424,103419,260.1,-0.0,
24/04/06,12:34:20,T-Mobile CZ,31.99,NR5G_NSA,Online,230-01,0x6050,155213067,234,NR5G_BAND78,631392,,,-760,-110,,335,49.22168,N,16.585119,E,60424,103422,260.9,0.0,0.0
24/04/06,12:34:23,T-Mobile CZ,31.99,NR5G_NSA,Online,230-01,0x6050,155213067,234,NR5G_BAND78,631392,,,-750,-110,,320,49.221689,N,16.585119,E,60424,103425,261.5,0.0,0.0
24/04/06,12:34:26,T-Mobile CZ,31.99,NR5G_NSA,Online,230-01,0x6050,155213067,234,NR5G_BAND78,631392,,,-740,-110,,325,49.221694,N,16.585122,E,60424,103428,261.4,0.0,0.0
24/04/06,12:34:29,T-Mobile CZ,31.99,NR5G_NSA,Online,230-01,0x6050,155213067,234,NR5G_BAND78,631392,,,-740,-110,,330,49.221698,N,16.585122,E,60424,103431,261.3,0.0,0.0
24/04/06,12:34:32,T-Mobile CZ,31.99,NR5G_NSA,Online,230-01,0x6050,155213067,234,NR5G_BAND78,631392,,,-770,-110,,310,49.221699,N,16.585122,E,60424,103434,261.2,0.0,0.0
24/04/06,12:34:35,T-Mobile CZ,31.99,NR5G_NSA,Online,230-01,0x6050,155213067,234,NR5G_BAND78,631392,,,-780,-110,,325,49.2217,N,16.585122,E,60424,103437,261.2,0.0,0.0
24/04/06,12:34:38,T-Mobile CZ,31.99,NR5G_NSA,Online,230-01,0x6050,155213067,234,NR5G_BAND78,631392,,,-780,-110,,330,49.2217,N,16.585122,E,60424,103440,261.2,0.0,0.0
24/04/06,12:34:41,T-Mobile CZ,31.99,NR5G_NSA,Online,230-01,0x6050,155213067,234,NR5G_BAND78,631392,,,-780,-110,,320,49.2217,N,16.585122,E,60424,103443,261.2,0.0,0.0
24/04/06,12:34:44,T-Mobile CZ,31.99,NR5G_NSA,Online,230-01,0x6050,155213067,234,NR5G_BAND78,631392,,,-790,-110,,310,49.2217,N,16.585122,E,60424,103446,261.2,0.0,0.0
24/04/06,12:34:47,T-Mobile CZ,31.99,NR5G_NSA,Online,230-01,0x6050,155213067,234,NR5G_BAND78,631392,,,-760,-110,,305,49.2217,N,16.585122,E,60424,103449,261.2,0.0,0.0
24/04/06,12:34:50,T-Mobile CZ,31.99,NR5G_NSA,Online,230-01,0x6050,155213067,234,NR5G_BAND78,631392,,,-810,-110,,305,49.2217,N,16.585122,E,60424,103452,261.2,0.0,0.0
24/04/06,12:34:53,T-Mobile CZ,31.99,NR5G_NSA,Online,230-01,0x6050,155213067,234,NR5G_BAND78,631392,,,-840,-110,,300,49.2217,N,16.585122,E,60424,103455,261.2,0.0,0.0
24/04/06,12:34:56,T-Mobile CZ,31.99,NR5G_NSA,Online,230-01,0x6050,155213067,234,NR5G_BAND78,631392,,,-850,-110,,305,49.2217,N,16.585122,E,60424,103458,261.2,0.0,0.0
24/04/06,12:34:59,T-Mobile CZ,31.99,NR5G_NSA,Online,230-01,0x6050,155213067,234,NR5G_BAND78,631392,,,-830,-110,,295,49.2217,N,16.585122,E,60424,103501,261.2,0.0,0.0
24/04/06,12:35:02,T-Mobile CZ,31.99,NR5G_NSA,Online,230-01,0x6050,155213067,234,NR5G_BAND78,631392,,,-840,-110,,300,49.2217,N,16.585122,E,60424,103504,261.2,0.0,0.0
24/04/06,12:35:05,T-Mobile CZ,31.99,NR5G_NSA,Online,230-01,0x6050,155213067,234,NR5G_BAND78,631392,,,-820,-110,,310,49.2217,N,16.585122,E,60424,103507,261.2,0.0,0.0
24/04/06,12:35:08,T-Mobile CZ,31.99,NR5G_NSA,Online,230-01,0x6050,155213067,234,NR5G_BAND78,631392,,,-830,-110,,300,49.2217,N,16.585122,E,60424,103510,261.2,0.0,0.0
24/04/06,12:35:11,T-Mobile CZ,31.99,NR5G_NSA,Online,230-01,0x6050,155213067,234,NR5G_BAND78,631392,,,-820,-110,,305,49.2217,N,16.585122,E,60424,103513,261.2,0.0,0.0
24/04/06,12:35:14,T-Mobile CZ,31.99,NR5G_NSA,Online,230-01,0x6050,155213067,234,NR5G_BAND78,631392,,,-820,-110,,300,49.2217,N,16.585122,E,60424,103516,261.2,0.0,0.0
24/04/06,12:35:17,T-Mobile CZ,31.99,NR5G_NSA,Online,230-01,0x6050,155213067,234,NR5G_BAND78,631392,,,-820,-110,,300,49.2217,N,16.585122,E,60424,103519,261.2,0.0,0.0
24/04/06,12:35:20,T-Mobile CZ,31.99,NR5G_NSA,Online,230-01,0x6050,155213067,234,NR5G_BAND78,631392,,,-740,-110,,320,49.221698,N,16.585122,E,60424,103522,261.0,-0.0,
24/04/06,12:35:23,T-Mobile CZ,31.99,NR5G_NSA,Online,230-01,0x6050,155213067,234,NR5G_BAND78,631392,,,-800,-110,,330,49.221615,N,16.585189,E,60424,103525,260.4,-0.1,
24/04/06,12:35:26,T-Mobile CZ,31.99,NR5G_NSA,Online,230-01,0x6050,155213067,234,NR5G_BAND78,631392,,,-790,-110,,295,49.221476,N,16.585299,E,60424,103528,259.4,-0.1,
24/04/06,12:35:29,T-Mobile CZ,31.99,NR5G_NSA,Online,230-01,0x6050,155213067,234,NR5G_BAND78,631392,,,-800,-110,,285,49.221303,N,16.585429,E,60424,103531,259.1,-0.2,
24/04/06,12:35:32,T-Mobile CZ,31.99,NR5G_NSA,Online,230-01,0x6050,155213067,234,NR5G_BAND78,631392,,,-820,-110,,300,49.221087,N,16.585572,E,60424,103534,258.6,-0.4,
24/04/06,12:35:35,T-Mobile CZ,31.99,NR5G_NSA,Online,230-01,0x6050,155213067,234,NR5G_BAND78,631392,,,-780,-110,,345,49.220875,N,16.585726,E,60424,103537,256.1,-0.2,
24/04/06,12:35:38,T-Mobile CZ,31.99,NR5G_NSA,Online,230-01,0x6050,155213067,234,NR5G_BAND78,631392,,,-790,-110,,335,49.220631,N,16.585889,E,60424,103540,256.6,-0.3,
24/04/06,12:35:41,T-Mobile CZ,31.99,NR5G_NSA,Online,230-01,0x6050,155213067,234,NR5G_BAND78,631392,,,-740,-110,,310,49.220388,N,16.58607,E,60424,103543,256.9,-0.1,
24/04/06,12:35:44,T-Mobile CZ,31.99,NR5G_NSA,Online,230-01,0x6050,155213067,234,NR5G_BAND78,631392,,,-800,-120,,295,49.220154,N,16.586231,E,60424,103546,255.8,-0.1,
24/04/06,12:35:47,T-Mobile CZ,31.99,NR5G_NSA,Online,230-01,0x6050,155213067,235,NR5G_BAND78,631392,,,-820,-110,,280,49.219904,N,16.586405,E,60424,103549,256.1,0.0,1.0
24/04/06,12:35:50,T-Mobile CZ,30.99,NR5G_NSA,Online,230-01,0x6050,155213068,235,NR5G_BAND78,631392,,,-820,-110,,280,49.219652,N,16.58657,E,60424,103552,255.4,0.0,1.0
24/04/06,12:35:53,T-Mobile CZ,31.99,NR5G_NSA,Online,230-01,0x6050,155213068,235,NR5G_BAND78,631392,,,-760,-110,,300,49.219396,N,16.586741,E,60424,103555,254.2,-0.4,
24/04/06,12:35:56,T-Mobile CZ,31.99,NR5G_NSA,Online,230-01,0x6050,155213068,235,NR5G_BAND78,631392,,,-730,-110,,330,49.219131,N,16.586924,E,60424,103558,255.2,-0.1,
24/04/06,12:35:59,T-Mobile CZ,31.99,NR5G_NSA,Online,230-01,0x6050,155213068,235,NR5G_BAND78,631392,,,-770,-110,,265,49.21887,N,16.587101,E,60424,103601,254.4,-0.2,
24/04/06,12:36:02,T-Mobile CZ,31.99,NR5G_NSA,Online,230-01,0x6050,155213068,235,NR5G_BAND78,631392,,,-790,-110,,290,49.218614,N,16.587248,E,60424,103604,254.5,-0.1,
24/04/06,12:36:05,T-Mobile CZ,31.99,NR5G_NSA,Online,230-01,0x6050,155213068,235,NR5G_BAND78,631392,,,-850,-110,,260,49.218387,N,16.587392,E,60424,103607,253.9,-0.2,
24/04/06,12:36:08,T-Mobile CZ,31.99,NR5G_NSA,Online,230-01,0x6050,155213068,235,NR5G_BAND78,631392,,,-830,-110,,215,49.218274,N,16.58747,E,60424,103610,254.1,-0.0,
24/04/06,12:36:11,T-Mobile CZ,31.99,NR5G_NSA,Online,230-01,0x6050,155213068,235,NR5G_BAND78,631392,,,-820,-110,,245,49.218254,N,16.587474,E,60424,103613,254.4,-0.0,
24/04/06,12:36:14,T-Mobile CZ,31.99,NR5G_NSA,Online,230-01,0x6050,155213068,235,NR5G_BAND78,631392,,,-830,-110,,265,49.218258,N,16.587469,E,60424,103616,254.8,0.0,0.0
24/04/06,12:36:17,T-Mobile CZ,31.99,NR5G_NSA,Online,230-01,0x6050,155213068,235,NR5G_BAND78,631392,,,-850,-110,,275,49.218259,N,16.587467,E,60424,103619,255.0,0.0,0.0
24/04/06,12:36:20,T-Mobile CZ,31.99,NR5G_NSA,Online,230-01,0x6050,155213068,235,NR5G_BAND78,631392,,,-870,-110,,260,49.218258,N,16.58747,E,60424,103622,255.4,0.0,0.0
24/04/06,12:36:23,T-Mobile CZ,31.99,NR5G_NSA,Online,230-01,0x6050,155213068,235,NR5G_BAND78,631392,,,-860,-110,,285,49.218256,N,16.587471,E,60424,103625,255.5,0.0,0.0
24/04/06,12:36:26,T-Mobile CZ,31.99,NR5G_NSA,Online,230-01,0x6050,155213068,235,NR5G_BAND78,631392,,,-870,-110,,285,49.218256,N,16.587471,E,60424,103628,255.5,0.0,0.0
24/04/06,12:36:29,T-Mobile CZ,31.99,NR5G_NSA,Online,230-01,0x6050,155213068,235,NR5G_BAND78,631392,,,-870,-110,,285,49.218256,N,16.587471,E,60424,103631,255.5,0.0,0.0
24/04/06,12:36:32,T-Mobile CZ,31.99,NR5G_NSA,Online,230-01,0x6050,155213068,235,NR5G_BAND78,631392,,,-870,-110,,240,49.218256,N,16.587471,E,60424,103634,255.5,0.0,0.0
24/04/06,12:36:35,T-Mobile CZ,31.99,NR5G_NSA,Online,230-01,0x6050,155213068,235,NR5G_BAND78,631392,,,-840,-110,,235,49.218252,N,16.587475,E,60424,103637,255.1,-0.0,
24/04/06,12:36:38,T-Mobile CZ,31.99,NR5G_NSA,Online,230-01,0x6050,155213068,235,NR5G_BAND78,631392,,,-850,-110,,250,49.218162,N,16.587538,E,60424,103640,255.2,-0.0,
24/04/06,12:36:41,T-Mobile CZ,31.99,NR5G_NSA,Online,230-01,0x6050,155213068,235,NR5G_BAND78,631392,,,-890,-110,,255,49.218066,N,16.587366,E,60424,103643,255.5,0.2,2.0
24/04/06,12:36:44,T-Mobile CZ,30.99,NR5G_NSA,Online,230-01,0x6050,155146509,235,NR5G_BAND78,631392,,,-920,-110,,220,49.217976,N,16.58707,E,60424,103646,256.3,0.3,2.0
24/04/06,12:36:47,T-Mobile CZ,30.99,NR5G_NSA,Online,230-01,0x6050,155215627,235,NR5G_BAND78,631392,,,-860,-110,,255,49.217881,N,16.586748,E,60424,103649,256.5,-0.1,
24/04/06,12:36:50,T-Mobile CZ,31.99,NR5G_NSA,Online,230-01,0x6050,155215627,235,NR5G_BAND78,631392,,,-910,-110,,235,49.217788,N,16.586445,E,60424,103652,256.2,0.0,2.0
24/04/06,12:36:53,T-Mobile CZ,31.99,NR5G_NSA,Online,230-01,0x6050,155215627,235,NR5G_BAND78,631392,,,-970,-110,,195,49.21769,N,16.586136,E,60424,103655,254.4,-0.3,
24/04/06,12:36:56,T-Mobile CZ,31.99,NR5G_NSA,Online,230-01,0x6050,155215627,235,NR5G_BAND78,631392,,,-1000,-120,,175,49.217625,N,16.585855,E,60424,103658,253.4,0.1,2.0
24/04/06,12:36:59,T-Mobile CZ,31.99,NR5G_NSA,Online,230-01,0x6050,155215627,235,NR5G_BAND78,631392,,,-980,-110,,175,49.217699,N,16.585555,E,60424,103701,253.1,0.1,2.0
24/04/06,12:37:02,T-Mobile CZ,31.99,NR5G_NSA,Online,230-01,0x6050,155215627,236,NR5G_BAND78,631392,,,-960,-110,,220,49.217744,N,16.585238,E,60424,103704,252.8,0.6,2.0
24/04/06,12:37:05,T-Mobile CZ,31.99,NR5G_NSA,Online,230-01,0x6050,155215627,236,NR5G_BAND78,631392,,,-980,-110,,220,49.217652,N,16.584911,E,60424,103707,252.0,-0.1,
24/04/06,12:37:08,T-Mobile CZ,31.99,NR5G_NSA,Online,230-01,0x6050,155215627,236,NR5G_BAND78,631392,,,-960,-110,,250,49.21743,N,16.584766,E,60424,103710,251.2,-0.1,
24/04/06,12:37:11,T-Mobile CZ,31.99,NR5G_NSA,Online,230-01,0x6050,155215627,236,NR5G_BAND78,631392,,,-960,-110,,220,49.217213,N,16.584931,E,60424,103713,251.2,-0.2,
24/04/06,12:37:14,T-Mobile CZ,31.99,NR5G_NSA,Online,230-01,0x6050,155215627,236,NR5G_BAND78,631392,,,-1000,-110,,205,49.217117,N,16.585281,E,60424,103716,250.5,-0.1,
24/04/06,12:37:17,T-Mobile CZ,31.99,NR5G_NSA,Online,230-01,0x6050,155215627,236,NR5G_BAND78,631392,,,-1010,-120,,200,49.217202,N,16.585648,E,60424,103719,250.5,0.0,4.0
24/04/06,12:37:20,T-Mobile CZ,31.99,NR5G_NSA,Online,230-01,0x6050,155215627,236,NR5G_BAND78,631392,,,-1010,-110,,205,49.217441,N,16.585773,E,60424,103722,251.2,0.1,3.0
24/04/06,12:37:23,T-Mobile CZ,31.99,NR5G_NSA,Online,230-01,0x6050,155215627,236,NR5G_BAND78,631392,,,-1000,-120,,210,49.217664,N,16.585596,E,60424,103725,251.1,0.2,3.0
24/04/06,12:37:26,T-Mobile CZ,31.99,NR5G_NSA,Online,230-01,0x6050,155215627,236,NR5G_BAND78,631392,,,-970,-110,,225,49.21777,N,16.585256,E,60424,103728,251.3,0.4,2.0
24/04/06,12:37:29,T-Mobile CZ,31.99,NR5G_NSA,Online,230-01,0x6050,155215627,236,NR5G_BAND78,631392,,,-960,-110,,240,49.217977,N,16.584961,E,60424,103731,252.0,0.6,3.0
24/04/06,12:37:32,T-Mobile CZ,31.99,NR5G_NSA,Online,230-01,0x6050,155215627,236,NR5G_BAND78,631392,,,-990,-110,,235,49.218291,N,16.584702,E,60424,103734,253.6,0.7,3.0
24/04/06,12:37:35,T-Mobile CZ,31.99,NR5G_NSA,Online,230-01,0x6050,155215627,236,NR5G_BAND78,631392,,,-970,-110,,230,49.218616,N,16.584434,E,60424,103737,255.5,0.7,3.0
24/04/06,12:37:38,T-Mobile CZ,27.99,NR5G_NSA,Online,230-01,0x6050,155213069,236,NR5G_BAND78,631392,,,-940,-110,,240,49.218941,N,16.584161,E,60424,103740,257.5,0.7,3.0
24/04/06,12:37:41,T-Mobile CZ,31.99,NR5G_NSA,Online,230-01,0x6050,155213069,236,NR5G_BAND78,631392,,,-920,-110,,245,49.219245,N,16.583905,E,60424,103743,259.5,0.6,3.0
24/04/06,12:37:44,T-Mobile CZ,31.99,NR5G_NSA,Online,230-01,0x6050,155213069,236,NR5G_BAND78,631392,,,-870,-110,,255,49.219509,N,16.583669,E,60424,103746,260.3,0.1,3.0
24/04/06,12:37:47,T-Mobile CZ,31.99,NR5G_NSA,Online,230-01,0x6050,155213069,236,NR5G_BAND78,631392,,,-950,-110,,250,49.219772,N,16.583451,E,60424,103749,260.5,0.1,3.0
24/04/06,12:37:50,T-Mobile CZ,31.99,NR5G_NSA,Online,230-01,0x6050,155213069,236,NR5G_BAND78,631392,,,-1020,-120,,195,49.220021,N,16.583245,E,60424,103752,260.9,0.0,3.0
24/04/06,12:37:53,T-Mobile CZ,28.99,NR5G_NSA,Online,230-01,0x6050,155213069,236,NR5G_BAND78,631392,,,-1010,-120,,235,49.220214,N,16.583083,E,60424,103755,261.0,0.1,3.0
24/04/06,12:37:56,T-Mobile CZ,28.99,NR5G_NSA,Online,230-01,0x6050,155213069,236,NR5G_BAND78,631392,,,-1010,-120,,205,49.220342,N,16.582981,E,60424,103758,261.4,0.0,3.0
24/04/06,12:37:59,T-Mobile CZ,28.99,NR5G_NSA,Online,230-01,0x6050,155213069,236,NR5G_BAND78,631392,,,-990,-120,,195,49.220415,N,16.582918,E,60424,103801,261.2,-0.0,
24/04/06,12:38:02,T-Mobile CZ,29.99,NR5G_NSA,Online,230-01,0x6050,155213069,236,NR5G_BAND78,631392,,,-980,-110,,205,49.220436,N,16.582889,E,60424,103804,261.8,-0.0,
24/04/06,12:38:05,T-Mobile CZ,29.99,NR5G_NSA,Online,230-01,0x6050,155213069,236,NR5G_BAND78,631392,,,-960,-110,,205,49.22044,N,16.582893,E,60424,103807,261.4,0.0,0.0
24/04/06,12:38:08,T-Mobile CZ,29.99,NR5G_NSA,Online,230-01,0x6050,155213069,236,NR5G_BAND78,631392,,,-960,-110,,200,49.22044,N,16.582892,E,60424,103810,260.8,0.0,0.0
24/04/06,12:38:11,T-Mobile CZ,29.99,NR5G_NSA,Online,230-01,0x6050,155213069,236,NR5G_BAND78,631392,,,-970,-110,,205,49.220437,N,16.582895,E,60424,103813,260.5,0.0,0.0
24/04/06,12:38:14,T-Mobile CZ,29.99,NR5G_NSA,Online,230-01,0x6050,155213069,236,NR5G_BAND78,631392,,,-970,-110,,200,49.220436,N,16.582893,E,60424,103816,260.4,0.0,0.0
24/04/06,12:38:17,T-Mobile CZ,30.99,NR5G_NSA,Online,230-01,0x6050,155213069,236,NR5G_BAND78,631392,,,-970,-110,,205,49.220435,N,16.582892,E,60424,103819,260.4,0.0,0.0
24/04/06,12:38:20,T-Mobile CZ,30.99,NR5G_NSA,Online,230-01,0x6050,155213069,236,NR5G_BAND78,631392,,,-980,-110,,200,49.220435,N,16.582892,E,60424,103822,260.4,0.0,0.0
24/04/06,12:38:23,T-Mobile CZ,30.99,NR5G_NSA,Online,230-01,0x6050,155213069,236,NR5G_BAND78,631392,,,-970,-110,,200,49.220435,N,16.582892,E,60424,103825,260.4,0.0,0.0
24/04/06,12:38:26,T-Mobile CZ,28.99,NR5G_NSA,Online,230-01,0x6050,155213069,236,NR5G_BAND78,631392,,,-980,-110,,195,49.220435,N,16.582892,E,60424,103828,260.4,0.0,0.0
24/04/06,12:38:29,T-Mobile CZ,28.99,NR5G_NSA,Online,230-01,0x6050,155213069,236,NR5G_BAND78,631392,,,-970,-110,,195,49.220435,N,16.582892,E,60424,103831,260.4,0.0,0.0
24/04/06,12:38:32,T-Mobile CZ,28.99,NR5G_NSA,Online,230-01,0x6050,155213069,236,NR5G_BAND78,631392,,,-1010,-120,,200,49.220435,N,16.582892,E,60424,103834,260.4,0.0,0.0
24/04/06,12:38:35,T-Mobile CZ,28.99,NR5G_NSA,Online,230-01,0x6050,155213069,236,NR5G_BAND78,631392,,,-980,-110,,200,49.220435,N,16.582892,E,60424,103837,260.4,0.0,0.0
24/04/06,12:38:38,T-Mobile CZ,28.99,NR5G_NSA,Online,230-01,0x6050,155213069,236,NR5G_BAND78,631392,,,-980,-110,,205,49.220435,N,16.582892,E,60424,103840,260.4,0.0,0.0
24/04/06,12:38:41,T-Mobile CZ,29.99,NR5G_NSA,Online,230-01,0x6050,155213069,236,NR5G_BAND78,631392,,,-980,-110,,205,49.220435,N,16.582892,E,60424,103843,260.4,0.0,0.0
24/04/06,12:38:44,T-Mobile CZ,29.99,NR5G_NSA,Online,230-01,0x6050,155213069,236,NR5G_BAND78,631392,,,-990,-110,,200,49.220435,N,16.582892,E,60424,103846,260.4,0.0,0.0
24/04/06,12:38:47,T-Mobile CZ,29.99,NR5G_NSA,Online,230-01,0x6050,155213069,236,NR5G_BAND78,631392,,,-980,-110,,200,49.220435,N,16.582892,E,60424,103849,260.4,0.0,0.0
24/04/06,12:38:50,T-Mobile CZ,29.99,NR5G_NSA,Online,230-01,0x6050,155213069,236,NR5G_BAND78,631392,,,-990,-110,,205,49.220435,N,16.582893,E,60424,103852,260.4,0.0,0.0
24/04/06,12:38:53,T-Mobile CZ,28.99,NR5G_NSA,Online,230-01,0x6050,155213069,236,NR5G_BAND78,631392,,,-990,-110,,200,49.220444,N,16.582881,E,60424,103855,260.9,0.0,3.0
24/04/06,12:38:56,T-Mobile CZ,28.99,NR5G_NSA,Online,230-01,0x6050,155213069,236,NR5G_BAND78,631392,,,-950,-110,,195,49.220515,N,16.582823,E,60424,103858,260.7,0.0,3.0
24/04/06,12:38:59,T-Mobile CZ,30.99,NR5G_NSA,Online,230-01,0x6050,155213069,236,NR5G_BAND78,631392,,,-1000,-120,,175,49.220633,N,16.582662,E,60424,103901,261.2,0.1,3.0
24/04/06,12:39:02,T-Mobile CZ,29.99,NR5G_NSA,Online,230-01,0x6050,155213069,236,NR5G_BAND78,631392,,,-1000,-130,,80,49.2206,N,16.582378,E,60424,103904,261.2,-0.2,
24/04/06,12:39:05,T-Mobile CZ,29.99,NR5G_NSA,Online,230-01,0x6050,155213069,236,NR5G_BAND78,631392,,,-990,-130,,60,49.220475,N,16.581998,E,60424,103907,261.1,-0.1,
24/04/06,12:39:08,T-Mobile CZ,29.99,NR5G_NSA,Online,230-01,0x6050,155213069,236,NR5G_BAND78,631392,,,-1020,-120,,65,49.22034,N,16.581596,E,60424,103910,260.8,-0.0,
24/04/06,12:39:11,T-Mobile CZ,29.99,NR5G_NSA,Online,230-01,0x6050,155213069,236,NR5G_BAND78,631392,,,-1000,-130,,110,49.220205,N,16.581182,E,60424,103913,261.0,-0.1,
24/04/06,12:39:14,T-Mobile CZ,29.99,NR5G_NSA,Online,230-01,0x6050,155213069,236,NR5G_BAND78,631392,,,-1040,-130,,95,49.220061,N,16.580802,E,60424,103916,260.4,-0.2,
24/04/06,12:39:17,T-Mobile CZ,27.99,NR5G_NSA,Online,230-01,0x6050,155213069,236,NR5G_BAND78,631392,,,-1080,-130,,100,49.219928,N,16.580417,E,60424,103919,259.4,-0.5,
24/04/06,12:39:20,T-Mobile CZ,27.99,NR5G_NSA,Online,230-01,0x6050,155213069,236,NR5G_BAND78,631392,,,-1130,-150,,95,49.219818,N,16.580071,E,60424,103922,257.5,-0.4,
24/04/06,12:39:23,T-Mobile CZ,27.99,NR5G_NSA,Online,230-01,0x6050,155213069,236,NR5G_BAND78,631392,,,-1100,-140,,105,49.219685,N,16.579825,E,60424,103925,256.4,-0.3,
24/04/06,12:39:59,T-Mobile CZ,28.99,NR5G_NSA,Online,230-01,0x6050,155213069,236,NR5G_BAND78,631392,,,-1040,-120,,125,49.219031,N,16.581071,E,60424,104001,256.4,0.2,9.0
24/04/06,12:40:02,T-Mobile CZ,28.99,NR5G_NSA,Online,230-01,0x6050,155213069,236,NR5G_BAND78,631392,,,-1020,-130,,195,49.21903,N,16.581259,E,60424,104004,257.0,0.2,9.0
24/04/06,12:40:05,T-Mobile CZ,28.99,NR5G_NSA,Online,230-01,0x6050,155213069,236,NR5G_BAND78,631392,,,-1050,-130,,150,49.219035,N,16.581424,E,60424,104007,257.4,0.2,8.0
24/04/06,12:40:08,T-Mobile CZ,28.99,NR5G_NSA,Online,230-01,0x6050,155213069,236,NR5G_BAND78,631392,,,-1050,-120,,185,49.219073,N,16.581549,E,60424,104010,258.0,0.2,3.0
24/04/06,12:40:11,T-Mobile CZ,28.99,NR5G_NSA,Online,230-01,0x6050,155213069,236,NR5G_BAND78,631392,,,-1030,-120,,225,49.219181,N,16.581556,E,60424,104013,258.9,0.8,3.0
24/04/06,12:40:14,T-Mobile CZ,31.99,NR5G_NSA,Online,230-01,0x6050,155213069,236,NR5G_BAND78,631392,,,-1030,-120,,195,49.219275,N,16.581551,E,60424,104016,259.7,0.5,1.0
24/04/06,12:40:17,T-Mobile CZ,31.99,NR5G_NSA,Online,230-01,0x6050,155213069,236,NR5G_BAND78,631392,,,-1030,-120,,200,49.219297,N,16.581713,E,60424,104019,260.4,0.0,9.0
24/04/06,12:40:20,T-Mobile CZ,31.99,NR5G_NSA,Online,230-01,0x6050,155213069,236,NR5G_BAND78,631392,,,-990,-110,,210,49.219296,N,16.581909,E,60424,104022,260.6,0.3,8.0
24/04/06,12:40:23,T-Mobile CZ,30.99,NR5G_NSA,Online,230-01,0x6050,155213069,236,NR5G_BAND78,631392,,,-960,-110,,235,49.219295,N,16.582075,E,60424,104025,260.8,0.3,9.0
24/04/06,12:40:26,T-Mobile CZ,30.99,NR5G_NSA,Online,230-01,0x6050,155213069,236,NR5G_BAND78,631392,,,-1010,-120,,255,49.219298,N,16.582177,E,60424,104028,260.5,0.2,8.0
24/04/06,12:40:29,T-Mobile CZ,31.99,NR5G_NSA,Online,230-01,0x6050,155213069,236,NR5G_BAND78,631392,,,-980,-110,,220,49.219292,N,16.582209,E,60424,104031,261.0,0.2,1.0
24/04/06,12:40:32,T-Mobile CZ,31.99,NR5G_NSA,Online,230-01,0x6050,155213069,236,NR5G_BAND78,631392,,,-910,-110,,240,49.219223,N,16.582245,E,60424,104034,260.6,-0.1,
24/04/06,12:40:35,T-Mobile CZ,31.99,NR5G_NSA,Online,230-01,0x6050,155213069,236,NR5G_BAND78,631392,,,-960,-110,,235,49.219108,N,16.582238,E,60424,104037,260.1,0.1,1.0
24/04/06,12:40:38,T-Mobile CZ,31.99,NR5G_NSA,Online,230-01,0x6050,155213069,236,NR5G_BAND78,631392,,,-980,-110,,205,49.219007,N,16.582235,E,60424,104040,259.4,0.0,1.0
24/04/06,12:40:41,T-Mobile CZ,31.99,NR5G_NSA,Online,230-01,0x6050,155215629,236,NR5G_BAND78,631392,,,-1010,-120,,250,49.218919,N,16.582232,E,60424,104043,258.9,-0.4,
24/04/06,12:40:44,T-Mobile CZ,31.99,NR5G_NSA,Online,230-01,0x6050,155215629,236,NR5G_BAND78,631392,,,-990,-120,,245,49.2188,N,16.582257,E,60424,104046,258.7,-0.0,
24/04/06,12:40:47,T-Mobile CZ,31.99,NR5G_NSA,Online,230-01,0x6050,155215629,236,NR5G_BAND78,631392,,,-1080,-130,,150,49.218705,N,16.582352,E,60424,104049,259.2,0.2,1.0
24/04/06,12:40:50,T-Mobile CZ,31.99,NR5G_NSA,Online,230-01,0x6050,155215629,236,NR5G_BAND78,631392,,,-1070,-130,,160,49.21861,N,16.582478,E,60424,104052,258.6,-0.1,
24/04/06,12:40:53,T-Mobile CZ,31.99,NR5G_NSA,Online,230-01,0x6050,155215629,236,NR5G_BAND78,631392,,,-1050,-130,,165,49.218527,N,16.582578,E,60424,104055,258.4,0.1,1.0
24/04/06,12:40:56,T-Mobile CZ,31.99,NR5G_NSA,Online,230-01,0x6050,155215629,236,NR5G_BAND78,631392,,,-1040,-120,,190,49.218434,N,16.582692,E,60424,104058,258.7,-0.0,
24/04/06,12:40:59,T-Mobile CZ,31.99,NR5G_NSA,Online,230-01,0x6050,155215629,236,NR5G_BAND78,631392,,,-1040,-120,,195,49.218323,N,16.582793,E,60424,104101,258.4,-0.1,
24/04/06,12:41:02,T-Mobile CZ,31.99,NR5G_NSA,Online,230-01,0x6050,155215629,236,NR5G_BAND78,631392,,,-1030,-120,,195,49.218195,N,16.582796,E,60424,104104,258.2,-0.2,
24/04/06,12:41:05,T-Mobile CZ,31.99,NR5G_NSA,Online,230-01,0x6050,155215629,236,NR5G_BAND78,631392,,,-1030,-120,,200,49.218068,N,16.58279,E,60424,104107,257.7,-0.3,
24/04/06,12:41:08,T-Mobile CZ,31.99,NR5G_NSA,Online,230-01,0x6050,155215629,236,NR5G_BAND78,631392,,,-980,-110,,225,49.217939,N,16.582784,E,60424,104110,257.1,-0.2,
24/04/06,12:41:11,T-Mobile CZ,31.99,NR5G_NSA,Online,230-01,0x6050,155215629,236,NR5G_BAND78,631392,,,-1030,-120,,225,49.217802,N,16.582785,E,60424,104113,256.7,-0.1,
24/04/06,12:41:14,T-Mobile CZ,31.99,NR5G_NSA,Online,230-01,0x6050,155215629,236,NR5G_BAND78,631392,,,-1020,-120,,215,49.217669,N,16.582756,E,60424,104116,255.9,-1.2,
24/04/06,12:41:17,T-Mobile CZ,31.99,NR5G_NSA,Online,230-01,0x6050,155215629,236,NR5G_BAND78,631392,,,-1050,-120,,175,49.21753,N,16.58275,E,60424,104119,255.2,-0.0,
24/04/06,12:41:20,T-Mobile CZ,31.99,NR5G_NSA,Online,230-01,0x6050,155215629,236,NR5G_BAND78,631392,,,-1080,-140,,165,49.217386,N,16.582749,E,60424,104122,254.6,-0.5,
24/04/06,12:41:23,T-Mobile CZ,31.99,NR5G_NSA,Online,230-01,0x6050,155215629,236,NR5G_BAND78,631392,,,-1070,-130,,180,49.217236,N,16.582748,E,60424,104125,254.4,-0.0,
24/04/06,12:41:26,T-Mobile CZ,31.99,NR5G_NSA,Online,230-01,0x6050,155215629,236,NR5G_BAND78,631392,,,-1090,-140,,145,49.217097,N,16.582748,E,60424,104128,254.7,0.3,1.0
24/04/06,12:43:38,T-Mobile CZ,31.99,NR5G_NSA,Online,230-01,0x6050,155213069,236,NR5G_BAND78,631392,,,-1070,-130,,165,49.220365,N,16.579348,E,60424,104340,259.5,0.3,3.0
24/04/06,12:43:41,T-Mobile CZ,31.99,NR5G_NSA,Online,230-01,0x6050,155213069,236,NR5G_BAND78,631392,,,-1090,-140,,145,49.220608,N,16.579183,E,60424,104343,261.9,0.7,3.0
24/04/06,12:43:44,T-Mobile CZ,26.99,NR5G_NSA,Online,230-01,0x6050,155213069,236,NR5G_BAND78,631392,,,-1130,-160,,105,49.220836,N,16.579016,E,60424,104346,263.1,0.2,3.0
24/04/06,12:43:47,T-Mobile CZ,27.99,NR5G_NSA,Online,230-01,0x6050,155213069,236,NR5G_BAND78,631392,,,-1090,-140,,95,49.221071,N,16.578859,E,60424,104349,265.1,0.7,3.0