24/04/02,18:30:18,T-Mobile CZ,31.99,LTE,Online,230-01,0x6050,155261707,40,EUTRAN-BAND20,6200,3,3,-100,-729,-457,8,49.232621,N,16.571726,E,020424,163022,281.1,0,0
24/04/02,18:30:22,T-Mobile CZ,31.99,LTE,Online,230-01,0x6050,155261707,40,EUTRAN-BAND20,6200,3,3,-131,-751,-444,5,49.232621,N,16.571726,E,020424,163025,281.1,0,0
24/04/02,18:30:25,T-Mobile CZ,31.99,LTE,Online,230-01,0x6050,155261707,40,EUTRAN-BAND20,6200,3,3,-80,-727,-473,10,49.232621,N,16.571726,E,020424,163028,281.2,0,0
24/04/02,18:30:28,T-Mobile CZ,31.99,LTE,Online,230-01,0x6050,155261707,40,EUTRAN-BAND20,6200,3,3,-99,-744,-464,4,49.232621,N,16.571726,E,020424,163031,281.2,0,0
24/04/02,18:30:31,T-Mobile CZ,31.99,LTE,Online,230-01,0x6050,155261707,40,EUTRAN-BAND20,6200,3,3,-83,-761,-499,9,49.232621,N,16.571726,E,020424,163034,281.2,0,0
24/04/02,18:30:34,T-Mobile CZ,31.99,LTE,Online,230-01,0x6050,155261707,40,EUTRAN-BAND20,6200,3,3,-118,-731,-426,8,49.232621,N,16.571727,E,020424,163037,281.2,0,0
24/04/02,18:30:37,T-Mobile CZ,31.99,LTE,Online,230-01,0x6050,155261707,40,EUTRAN-BAND20,6200,3,3,-100,-733,-461,5,49.232621,N,16.571727,E,020424,163040,281.2,0,0
24/04/02,18:30:40,T-Mobile CZ,31.99,LTE,Online,230-01,0x6050,155261707,40,EUTRAN-BAND20,6200,3,3,-116,-753,-441,3,49.232621,N,16.571727,E,020424,163043,281.2,0,0
24/04/02,18:30:43,T-Mobile CZ,31.99,LTE,Online,230-01,0x6050,155261707,40,EUTRAN-BAND20,6200,3,3,-88,-756,-501,7,49.232621,N,16.571727,E,020424,163046,281.2,0,0
24/04/02,18:30:46,T-Mobile CZ,31.99,LTE,Online,230-01,0x6050,155261707,40,EUTRAN-BAND20,6200,3,3,-83,-733,-481,9,49.232621,N,16.571727,E,020424,163049,281.2,0,0
24/04/02,18:30:49,T-Mobile CZ,31.99,LTE,Online,230-01,0x6050,155261707,40,EUTRAN-BAND20,6200,3,3,-88,-736,-474,10,49.232621,N,16.571727,E,020424,163052,281.2,0,0
24/04/02,18:30:52,T-Mobile CZ,31.99,LTE,Online,230-01,0x6050,155261707,40,EUTRAN-BAND20,6200,3,3,-84,-733,-478,8,49.232621,N,16.571727,E,020424,163055,281.2,0,0
24/04/02,18:30:55,T-Mobile CZ,31.99,LTE,Online,230-01,0x6050,155261707,40,EUTRAN-BAND20,6200,3,3,-85,-740,-485,9,49.232621,N,16.571727,E,020424,163058,281.2,0,0
24/04/02,18:30:58,T-Mobile CZ,31.99,LTE,Online,230-01,0x6050,155261707,40,EUTRAN-BAND20,6200,3,3,-85,-747,-480,9,49.232621,N,16.571727,E,020424,163101,281.3,0,0
24/04/02,18:31:01,T-Mobile CZ,31.99,LTE,Online,230-01,0x6050,155261707,40,EUTRAN-BAND20,6200,3,3,-81,-724,-475,11,49.232621,N,16.571727,E,020424,163104,281.3,0,0
24/04/02,18:31:04,T-Mobile CZ,31.99,LTE,Online,230-01,0x6050,155261707,40,EUTRAN-BAND20,6200,3,3,-81,-715,-460,7,49.232621,N,16.571727,E,020424,163107,281.3,0,0
24/04/02,18:31:07,T-Mobile CZ,31.99,LTE,Online,230-01,0x6050,155261707,40,EUTRAN-BAND20,6200,3,3,-77,-732,-486,10,49.232621,N,16.571727,E,020424,163110,281.3,0,0
24/04/02,18:31:10,T-Mobile CZ,31.99,LTE,Online,230-01,0x6050,155261707,40,EUTRAN-BAND20,6200,3,3,-91,-744,-485,6,49.232621,N,16.571727,E,020424,163113,281.4,0,0
24/04/02,18:31:13,T-Mobile CZ,31.99,LTE,Online,230-01,0x6050,155261707,40,EUTRAN-BAND20,6200,3,3,-85,-747,-485,9,49.232621,N,16.571728,E,020424,163116,281.4,0,0
24/04/02,18:31:16,T-Mobile CZ,31.99,LTE,Online,230-01,0x6050,155261707,40,EUTRAN-BAND20,6200,3,3,-126,-724,-416,7,49.232610,N,16.571735,E,020424,163119,282,-0.2,
24/04/02,18:31:19,T-Mobile CZ,31.99,LTE,Online,230-01,0x6050,155261707,40,EUTRAN-BAND20,6200,3,3,-107,-729,-451,6,49.232558,N,16.571758,E,020424,163122,281.2,-0.8,
24/04/02,18:31:22,T-Mobile CZ,31.99,LTE,Online,230-01,0x6050,155261707,40,EUTRAN-BAND20,6200,3,3,-96,-756,-500,5,49.232507,N,16.571775,E,020424,163125,280.5,-0.1,
24/04/02,18:31:25,T-Mobile CZ,31.99,LTE,Online,230-01,0x6050,155261707,40,EUTRAN-BAND20,6200,3,3,-101,-759,-496,9,49.232460,N,16.571811,E,020424,163128,281,0.2,1
24/04/02,18:31:28,T-Mobile CZ,31.99,LTE,Online,230-01,0x6050,155261707,40,EUTRAN-BAND20,6200,3,3,-102,-778,-506,6,49.232421,N,16.571843,E,020424,163131,281.2,-0.3,
24/04/02,18:31:31,T-Mobile CZ,31.99,LTE,Online,230-01,0x6050,155261707,40,EUTRAN-BAND20,6200,3,3,-117,-804,-514,2,49.232394,N,16.571868,E,020424,163134,281.4,-0.3,
24/04/02,18:31:34,T-Mobile CZ,31.99,LTE,Online,230-01,0x6050,155261707,40,EUTRAN-BAND20,6200,3,3,-110,-802,-522,3,49.232369,N,16.571889,E,020424,163137,281.9,-0.1,
24/04/02,18:31:37,T-Mobile CZ,31.99,LTE,Online,230-01,0x6050,155261707,40,EUTRAN-BAND20,6200,3,3,-146,-822,-496,1,49.232362,N,16.571900,E,020424,163140,282.5,0,0
24/04/02,18:31:40,T-Mobile CZ,30.99,LTE,Online,230-01,0x6050,155261707,40,EUTRAN-BAND20,6200,3,3,-132,-791,-486,4,49.232363,N,16.571904,E,020424,163143,283.3,0,0
24/04/02,18:31:43,T-Mobile CZ,30.99,LTE,Online,230-01,0x6050,155261707,40,EUTRAN-BAND20,6200,3,3,-131,-821,-518,2,49.232362,N,16.571908,E,020424,163146,284,0,0
24/04/02,18:31:46,T-Mobile CZ,31.99,LTE,Online,230-01,0x6050,155261707,40,EUTRAN-BAND20,6200,3,3,-146,-815,-493,-1,49.232361,N,16.571912,E,020424,163149,284.5,0,0
24/04/02,18:31:49,T-Mobile CZ,31.99,LTE,Online,230-01,0x6050,155261707,40,EUTRAN-BAND20,6200,3,3,-123,-810,-520,3,49.232360,N,16.571913,E,020424,163152,284.6,0,0
24/04/02,18:31:52,T-Mobile CZ,31.99,LTE,Online,230-01,0x6050,155261707,40,EUTRAN-BAND20,6200,3,3,-119,-809,-518,2,49.232360,N,16.571913,E,020424,163155,284.6,0,0
24/04/02,18:31:55,T-Mobile CZ,30.99,LTE,Online,230-01,0x6050,155261707,40,EUTRAN-BAND20,6200,3,3,-128,-811,-503,0,49.232360,N,16.571914,E,020424,163158,284.7,0,0
24/04/02,18:31:58,T-Mobile CZ,31.99,LTE,Online,230-01,0x6050,155261707,40,EUTRAN-BAND20,6200,3,3,-115,-807,-519,3,49.232360,N,16.571914,E,020424,163201,284.7,0,0
24/04/02,18:33:31,T-Mobile CZ,31.99,LTE,Online,230-01,0x6050,155261708,45,EUTRAN-BAND20,6200,3,3,-129,-738,-432,7,49.231902,N,16.571855,E,020424,163334,281,0,0
24/04/02,18:33:34,T-Mobile CZ,31.99,LTE,Online,230-01,0x6050,155261708,45,EUTRAN-BAND20,6200,3,3,-101,-747,-455,5,49.231902,N,16.571855,E,020424,163337,281,0,0
24/04/02,18:33:37,T-Mobile CZ,31.99,LTE,Online,230-01,0x6050,155261708,45,EUTRAN-BAND20,6200,3,3,-113,-741,-443,5,49.231902,N,16.571855,E,020424,163340,281,0,0
24/04/02,18:33:40,T-Mobile CZ,31.99,LTE,Online,230-01,0x6050,155261708,45,EUTRAN-BAND20,6200,3,3,-114,-736,-440,5,49.231902,N,16.571855,E,020424,163343,281,0,0
24/04/02,18:33:43,T-Mobile CZ,31.99,LTE,Online,230-01,0x6050,155261708,45,EUTRAN-BAND20,6200,3,3,-100,-746,-459,7,49.231901,N,16.571857,E,020424,163346,280.6,-0,
24/04/02,18:33:46,T-Mobile CZ,31.99,LTE,Online,230-01,0x6050,155261708,45,EUTRAN-BAND20,6200,3,3,-133,-742,-435,-2,49.231884,N,16.571887,E,020424,163349,280.3,-0,
24/04/02,18:33:49,T-Mobile CZ,31.99,LTE,Online,230-01,0x6050,155261708,45,EUTRAN-BAND20,6200,3,3,-129,-750,-455,0,49.231879,N,16.571897,E,020424,163352,279.7,0,1
24/04/02,18:33:52,T-Mobile CZ,31.99,LTE,Online,230-01,0x6050,155261708,45,EUTRAN-BAND20,6200,3,3,-124,-715,-413,2,49.231909,N,16.571984,E,020424,163355,279.4,-0.2,
24/04/02,18:33:55,T-Mobile CZ,31.99,LTE,Online,230-01,0x6050,155261708,45,EUTRAN-BAND20,6200,3,3,-133,-739,-442,6,49.232061,N,16.572147,E,020424,163358,279.1,-0.3,
24/04/02,18:33:58,T-Mobile CZ,31.99,LTE,Online,230-01,0x6050,155261708,45,EUTRAN-BAND20,6200,3,3,-123,-754,-468,3,49.232258,N,16.572346,E,020424,163401,277.8,-0.5,
24/04/02,18:34:01,T-Mobile CZ,31.99,LTE,Online,230-01,0x6050,155261708,45,EUTRAN-BAND20,6200,3,3,-106,-732,-455,6,49.232430,N,16.572607,E,020424,163404,276.3,-0.6,
24/04/02,18:34:04,T-Mobile CZ,31.99,LTE,Online,230-01,0x6050,155261708,45,EUTRAN-BAND20,6200,3,3,-135,-727,-415,7,49.232529,N,16.572976,E,020424,163407,274.6,-0.4,
24/04/02,18:34:07,T-Mobile CZ,31.99,LTE,Online,230-01,0x6050,155261708,45,EUTRAN-BAND20,6200,3,3,-128,-691,-397,4,49.232586,N,16.573422,E,020424,163410,273.8,-0.3,
24/04/02,18:34:10,T-Mobile CZ,31.99,LTE,Online,230-01,0x6050,155261708,45,EUTRAN-BAND20,6200,3,3,-83,-655,-402,12,49.232641,N,16.573902,E,020424,163413,273.4,0,8
24/04/02,18:34:13,T-Mobile CZ,31.99,LTE,Online,230-01,0x6050,155261708,45,EUTRAN-BAND20,6200,3,3,-122,-671,-380,13,49.232698,N,16.574362,E,020424,163416,273.1,-0.1,
24/04/02,18:34:16,T-Mobile CZ,31.99,LTE,Online,230-01,0x6050,155261708,45,EUTRAN-BAND20,6200,3,3,-108,-664,-389,11,49.232777,N,16.574810,E,020424,163419,272.8,-0.1,
24/04/02,18:34:19,T-Mobile CZ,31.99,LTE,Online,230-01,0x6050,155261708,45,EUTRAN-BAND20,6200,3,3,-120,-669,-366,9,49.232883,N,16.575235,E,020424,163422,272.3,-0.1,
24/04/02,18:34:22,T-Mobile CZ,31.99,LTE,Online,230-01,0x6050,155261708,45,EUTRAN-BAND20,6200,3,3,-114,-683,-403,10,49.232981,N,16.575604,E,020424,163425,271.7,-0.2,
24/04/02,18:34:25,T-Mobile CZ,31.99,LTE,Online,230-01,0x6050,155261708,45,EUTRAN-BAND20,6200,3,3,-100,-680,-433,8,49.232863,N,16.575868,E,020424,163428,270.4,-0.4,
24/04/02,18:34:28,T-Mobile CZ,31.99,LTE,Online,230-01,0x6050,155261708,45,EUTRAN-BAND20,6200,3,3,-114,-665,-379,10,49.232601,N,16.576014,E,020424,163431,268.7,-0.3,
24/04/02,18:34:31,T-Mobile CZ,31.99,LTE,Online,230-01,0x6050,155261708,45,EUTRAN-BAND20,6200,3,3,-97,-655,-410,14,49.232336,N,16.576160,E,020424,163434,267.1,-0.5,
24/04/02,18:34:34,T-Mobile CZ,31.99,LTE,Online,230-01,0x6050,155261708,45,EUTRAN-BAND20,6200,3,3,-113,-621,-352,14,49.232104,N,16.576295,E,020424,163437,265.3,-0.3,
24/04/02,18:34:37,T-Mobile CZ,31.99,LTE,Online,230-01,0x6050,155261708,45,EUTRAN-BAND20,6200,3,3,-133,-703,-401,1,49.231898,N,16.576498,E,020424,163440,264,-0.4,
24/04/02,18:34:40,T-Mobile CZ,31.99,LTE,Online,230-01,0x6050,155161867,464,EUTRAN-BAND20,6200,3,3,-114,-747,-461,2,49.231661,N,16.576689,E,020424,163443,262.4,-0.5,
24/04/02,18:34:43,T-Mobile CZ,31.99,LTE,Online,230-01,0x6050,155161867,464,EUTRAN-BAND20,6200,3,3,-115,-737,-455,4,49.231413,N,16.576859,E,020424,163446,260.9,-0.3,
24/04/02,18:34:46,T-Mobile CZ,31.99,LTE,Online,230-01,0x6050,155161867,464,EUTRAN-BAND20,6200,3,3,-95,-703,-437,8,49.231132,N,16.577069,E,020424,163449,259.8,-0.3,
24/04/02,18:34:49,T-Mobile CZ,31.99,LTE,Online,230-01,0x6050,155161867,464,EUTRAN-BAND20,6200,3,3,-84,-672,-426,12,49.230856,N,16.577341,E,020424,163452,259.6,-0.1,
24/04/02,18:34:52,T-Mobile CZ,31.99,LTE,Online,230-01,0x6050,155161867,464,EUTRAN-BAND20,6200,3,3,-106,-692,-417,6,49.230609,N,16.577677,E,020424,163455,259.5,-0.1,
24/04/02,18:34:55,T-Mobile CZ,31.99,LTE,Online,230-01,0x6050,155161867,464,EUTRAN-BAND20,6200,3,3,-154,-812,-492,-3,49.230399,N,16.578069,E,020424,163458,258.8,-0.1,
24/04/02,18:34:58,T-Mobile CZ,31.99,LTE,Online,230-01,0x6050,155161867,464,EUTRAN-BAND20,6200,3,3,-103,-768,-490,4,49.230212,N,16.578521,E,020424,163501,258.5,-0.2,
24/04/02,18:35:01,T-Mobile CZ,31.99,LTE,Online,230-01,0x6050,155161867,464,EUTRAN-BAND20,6200,3,3,-87,-729,-469,12,49.230031,N,16.579014,E,020424,163504,258.4,-0.3,
24/04/02,18:35:04,T-Mobile CZ,31.99,LTE,Online,230-01,0x6050,155161867,464,EUTRAN-BAND20,6200,3,3,-104,-781,-504,4,49.229848,N,16.579531,E,020424,163507,258.1,-0.4,
24/04/02,18:35:07,T-Mobile CZ,31.99,LTE,Online,230-01,0x6050,155161867,464,EUTRAN-BAND20,6200,3,3,-91,-664,-394,17,49.229658,N,16.580057,E,020424,163510,258.5,0,1
24/04/02,18:35:10,T-Mobile CZ,31.99,LTE,Online,230-01,0x6050,155161867,464,EUTRAN-BAND20,6200,3,3,-84,-660,-393,19,49.229455,N,16.580517,E,020424,163513,261.7,0.7,1
24/04/02,18:35:13,T-Mobile CZ,31.99,LTE,Online,230-01,0x6050,155161867,464,EUTRAN-BAND20,6200,3,3,-81,-629,-370,19,49.229308,N,16.580889,E,020424,163516,263.3,0.4,1
24/04/02,18:35:16,T-Mobile CZ,31.99,LTE,Online,230-01,0x6050,155161867,464,EUTRAN-BAND20,6200,3,3,-96,-683,-407,10,49.229189,N,16.581185,E,020424,163519,264,0.1,1
24/04/02,18:35:19,T-Mobile CZ,31.99,LTE,Online,230-01,0x6050,155161867,464,EUTRAN-BAND20,6200,3,3,-92,-691,-430,8,49.228988,N,16.581547,E,020424,163522,264.8,0.2,1
24/04/02,18:35:22,T-Mobile CZ,31.99,LTE,Online,230-01,0x6050,155161867,464,EUTRAN-BAND20,6200,3,3,-110,-739,-464,4,49.228715,N,16.581853,E,020424,163525,265.7,0.3,1
24/04/02,18:35:25,T-Mobile CZ,31.99,LTE,Online,230-01,0x6050,155161867,464,EUTRAN-BAND20,6200,3,3,-154,-777,-435,-2,49.228392,N,16.582065,E,020424,163528,266.4,0.1,1
24/04/02,18:35:28,T-Mobile CZ,31.99,LTE,Online,230-01,0x6050,155161868,465,EUTRAN-BAND20,6200,3,3,-92,-726,-456,10,49.228044,N,16.582171,E,020424,163531,267,0.2,1
24/04/02,18:35:31,T-Mobile CZ,31.99,LTE,Online,230-01,0x6050,155161868,465,EUTRAN-BAND20,6200,3,3,-85,-704,-434,11,49.227683,N,16.582219,E,020424,163534,267.8,-0.2,
24/04/02,18:35:34,T-Mobile CZ,31.99,LTE,Online,230-01,0x6050,155161868,465,EUTRAN-BAND20,6200,3,3,-70,-646,-400,19,49.227314,N,16.582259,E,020424,163537,267.8,-0.1,
24/04/02,18:35:37,T-Mobile CZ,31.99,LTE,Online,230-01,0x6050,155161868,465,EUTRAN-BAND20,6200,3,3,-77,-701,-459,14,49.226940,N,16.582294,E,020424,163540,268.4,-0.1,
24/04/02,18:35:40,T-Mobile CZ,31.99,LTE,Online,230-01,0x6050,155161868,465,EUTRAN-BAND20,6200,3,3,-78,-744,-493,8,49.226561,N,16.582333,E,020424,163543,268.7,-0,
24/04/02,18:35:43,T-Mobile CZ,31.99,LTE,Online,230-01,0x6050,155161868,465,EUTRAN-BAND20,6200,3,3,-104,-801,-535,4,49.226192,N,16.582378,E,020424,163546,268.1,-0.6,
24/04/02,18:35:46,T-Mobile CZ,30.99,LTE,Online,230-01,0x6050,155161868,465,EUTRAN-BAND20,6200,3,3,-89,-754,-493,6,49.225837,N,16.582421,E,020424,163549,266.8,-0.5,
24/04/02,18:35:49,T-Mobile CZ,31.99,LTE,Online,230-01,0x6050,155161868,465,EUTRAN-BAND20,6200,3,3,-135,-841,-540,-2,49.225498,N,16.582499,E,020424,163552,266.1,-0.7,
24/04/02,18:35:52,T-Mobile CZ,30.99,LTE,Online,230-01,0x6050,155161868,465,EUTRAN-BAND20,6200,3,3,-168,-846,-509,-4,49.225198,N,16.582665,E,020424,163555,265.3,-0.6,
24/04/02,18:35:55,T-Mobile CZ,31.99,LTE,Online,230-01,0x6050,155161868,465,EUTRAN-BAND20,6200,3,3,-171,-811,-465,-6,49.224902,N,16.582875,E,020424,163558,266.3,0.2,1
24/04/02,18:35:58,T-Mobile CZ,31.99,LTE,Online,230-01,0x6050,155207948,485,EUTRAN-BAND20,6200,3,3,-142,-779,-469,6,49.224618,N,16.583074,E,020424,163601,263.3,-2.1,
24/04/02,18:36:01,T-Mobile CZ,31.99,LTE,Online,230-01,0x6050,155207948,485,EUTRAN-BAND20,6200,3,3,-164,-847,-504,-3,49.224348,N,16.583300,E,020424,163604,262.6,0.2,1
24/04/02,18:36:04,T-Mobile CZ,31.99,LTE,Online,230-01,0x6050,155161868,465,EUTRAN-BAND20,6200,3,3,-153,-761,-422,-2,49.224063,N,16.583491,E,020424,163607,262.4,0,1
24/04/02,18:36:07,T-Mobile CZ,31.99,LTE,Online,230-01,0x6050,155161868,465,EUTRAN-BAND20,6200,3,3,-200,-757,-397,-3,49.223771,N,16.583683,E,020424,163610,260.9,-1.9,
24/04/02,18:36:10,T-Mobile CZ,31.99,LTE,Online,230-01,0x6050,155241229,349,EUTRAN-BAND20,6200,3,3,-189,-778,-393,-10,49.223496,N,16.583868,E,020424,163613,260.3,-0.5,
24/04/02,18:36:13,T-Mobile CZ,31.99,LTE,Online,230-01,0x6050,155213067,392,EUTRAN-BAND20,6200,3,3,-144,-780,-463,0,49.223213,N,16.584077,E,020424,163616,259.8,-0.2,
24/04/02,18:36:16,T-Mobile CZ,31.99,LTE,Online,230-01,0x6050,155213067,392,EUTRAN-BAND20,6200,3,3,-117,-687,-397,9,49.222926,N,16.584272,E,020424,163619,258.3,-0.2,
24/04/02,18:36:19,T-Mobile CZ,31.99,LTE,Online,230-01,0x6050,155213067,392,EUTRAN-BAND20,6200,3,3,-138,-657,-330,15,49.222653,N,16.584462,E,020424,163622,258.2,-0.5,
24/04/02,18:36:22,T-Mobile CZ,31.99,LTE,Online,230-01,0x6050,155213067,392,EUTRAN-BAND20,6200,3,3,-109,-714,-464,8,49.222383,N,16.584629,E,020424,163625,257.6,-0.1,
24/04/02,18:36:25,T-Mobile CZ,31.99,LTE,Online,230-01,0x6050,155213067,392,EUTRAN-BAND20,6200,3,3,-101,-676,-393,13,49.222135,N,16.584789,E,020424,163628,256.6,-0.6,
24/04/02,18:36:28,T-Mobile CZ,31.99,LTE,Online,230-01,0x6050,155213067,392,EUTRAN-BAND20,6200,3,3,-95,-725,-440,14,49.221946,N,16.584911,E,020424,163631,255.8,-0.1,
24/04/02,18:36:31,T-Mobile CZ,31.99,LTE,Online,230-01,0x6050,155213067,392,EUTRAN-BAND20,6200,3,3,-122,-771,-467,8,49.221835,N,16.584981,E,020424,163634,255.7,-0.1,
24/04/02,18:36:34,T-Mobile CZ,31.99,LTE,Online,230-01,0x6050,155213067,392,EUTRAN-BAND20,6200,3,3,-116,-711,-435,13,49.221796,N,16.585009,E,020424,163637,255.8,-0,
24/04/02,18:36:37,T-Mobile CZ,31.99,LTE,Online,230-01,0x6050,155213067,392,EUTRAN-BAND20,6200,3,3,-74,-736,-494,12,49.221782,N,16.585013,E,020424,163640,255.1,-0,
24/04/02,18:36:40,T-Mobile CZ,31.99,LTE,Online,230-01,0x6050,155213067,392,EUTRAN-BAND20,6200,3,3,-80,-733,-486,13,49.221772,N,16.585002,E,020424,163643,253.4,0,0
24/04/02,18:36:43,T-Mobile CZ,31.99,LTE,Online,230-01,0x6050,155213067,392,EUTRAN-BAND20,6200,3,3,-118,-730,-422,13,49.221755,N,16.585015,E,020424,163646,252.8,-0,
24/04/02,18:36:46,T-Mobile CZ,31.99,LTE,Online,230-01,0x6050,155213067,392,EUTRAN-BAND20,6200,3,3,-128,-727,-414,14,49.221677,N,16.585075,E,020424,163649,253,-0.3,
24/04/02,18:36:49,T-Mobile CZ,31.99,LTE,Online,230-01,0x6050,155213067,392,EUTRAN-BAND20,6200,3,3,-128,-677,-365,12,49.221594,N,16.585134,E,020424,163652,253.1,-0.1,
24/04/02,18:36:52,T-Mobile CZ,31.99,LTE,Online,230-01,0x6050,155213067,392,EUTRAN-BAND20,6200,3,3,-123,-688,-406,14,49.221497,N,16.585217,E,020424,163655,252.8,-0.3,
24/04/02,18:36:55,T-Mobile CZ,31.99,LTE,Online,230-01,0x6050,155213067,392,EUTRAN-BAND20,6200,3,3,-101,-709,-477,10,49.221320,N,16.585345,E,020424,163658,252.1,-0.3,
24/04/02,18:36:58,T-Mobile CZ,31.99,LTE,Online,230-01,0x6050,155213067,392,EUTRAN-BAND20,6200,3,3,-98,-672,-412,16,49.221112,N,16.585486,E,020424,163701,252.4,0.1,1
24/04/02,18:37:01,T-Mobile CZ,31.99,LTE,Online,230-01,0x6050,155213067,392,EUTRAN-BAND20,6200,3,3,-95,-634,-381,17,49.220894,N,16.585644,E,020424,163704,252.5,-0.2,
24/04/02,18:37:04,T-Mobile CZ,31.99,LTE,Online,230-01,0x6050,155213067,392,EUTRAN-BAND20,6200,3,3,-87,-722,-471,12,49.220676,N,16.585808,E,020424,163707,252.4,-0.1,
24/04/02,18:37:07,T-Mobile CZ,31.99,LTE,Online,230-01,0x6050,155213067,392,EUTRAN-BAND20,6200,3,3,-109,-685,-376,16,49.220468,N,16.585924,E,020424,163710,252.1,-0.3,
24/04/02,18:37:10,T-Mobile CZ,31.99,LTE,Online,230-01,0x6050,155213067,392,EUTRAN-BAND20,6200,3,3,-86,-636,-373,12,49.220311,N,16.585971,E,020424,163713,252.3,0.1,1
24/04/02,18:37:13,T-Mobile CZ,31.99,LTE,Online,230-01,0x6050,155213067,392,EUTRAN-BAND20,6200,3,3,-98,-634,-335,5,49.220248,N,16.585814,E,020424,163716,252.9,0.4,2
24/04/02,18:37:16,T-Mobile CZ,31.99,LTE,Online,230-01,0x6050,155213067,392,EUTRAN-BAND20,6200,3,3,-96,-642,-383,6,49.220214,N,16.585687,E,020424,163719,253.1,-0.1,
24/04/02,18:37:19,T-Mobile CZ,31.99,LTE,Online,230-01,0x6050,155213067,392,EUTRAN-BAND20,6200,3,3,-139,-721,-404,0,49.220181,N,16.585601,E,020424,163722,253.6,0.3,2
24/04/02,18:37:22,T-Mobile CZ,31.99,LTE,Online,230-01,0x6050,155213069,394,EUTRAN-BAND20,6200,3,3,-96,-671,-402,8,49.220149,N,16.585546,E,020424,163725,255.4,0.7,2
24/04/02,18:37:25,T-Mobile CZ,31.99,LTE,Online,230-01,0x6050,155213069,394,EUTRAN-BAND20,6200,3,3,-99,-635,-352,9,49.220111,N,16.585396,E,020424,163728,255.4,0.1,2
24/04/02,18:37:28,T-Mobile CZ,31.99,LTE,Online,230-01,0x6050,155213069,394,EUTRAN-BAND20,6200,3,3,-94,-676,-419,12,49.220073,N,16.585243,E,020424,163731,255.4,0.1,2
24/04/02,18:37:31,T-Mobile CZ,31.99,LTE,Online,230-01,0x6050,155213069,394,EUTRAN-BAND20,6200,3,3,-92,-666,-419,7,49.220059,N,16.585120,E,020424,163734,254.7,0.1,2
24/04/02,18:37:34,T-Mobile CZ,31.99,LTE,Online,230-01,0x6050,155213069,394,EUTRAN-BAND20,6200,3,3,-85,-641,-390,12,49.220051,N,16.585036,E,020424,163737,255.1,-0,
24/04/02,18:37:37,T-Mobile CZ,31.99,LTE,Online,230-01,0x6050,155213069,394,EUTRAN-BAND20,6200,3,3,-102,-620,-336,13,49.220053,N,16.585027,E,020424,163740,255.3,0,0
24/04/02,18:37:37,T-Mobile CZ,31.99,NR5G_NSA,Online,230-01,0x6050,155213069,236,NR5G_BAND78,631392,,,-760,-110,,290,49.220053,N,16.585027,E,020424,163740,255.3,0,0
24/04/02,18:37:40,T-Mobile CZ,31.99,LTE,Online,230-01,0x6050,155213069,394,EUTRAN-BAND20,6200,3,3,-119,-625,-329,16,49.220053,N,16.585024,E,020424,163743,255.2,0,0
24/04/02,18:37:40,T-Mobile CZ,31.99,NR5G_NSA,Online,230-01,0x6050,155213069,236,NR5G_BAND78,631392,,,-750,-110,,290,49.220053,N,16.585024,E,020424,163743,255.2,0,0
24/04/02,18:37:43,T-Mobile CZ,31.99,LTE,Online,230-01,0x6050,155213069,394,EUTRAN-BAND20,6200,3,3,-90,-624,-369,16,49.220053,N,16.585022,E,020424,163746,254.7,0,0
24/04/02,18:37:43,T-Mobile CZ,31.99,NR5G_NSA,Online,230-01,0x6050,155213069,236,NR5G_BAND78,631392,,,-770,-110,,290,49.220053,N,16.585022,E,020424,163746,254.7,0,0
24/04/02,18:37:46,T-Mobile CZ,31.99,LTE,Online,230-01,0x6050,155213069,394,EUTRAN-BAND20,6200,3,3,-100,-627,-351,15,49.220052,N,16.585018,E,020424,163749,254.6,0,0
24/04/02,18:37:46,T-Mobile CZ,31.99,NR5G_NSA,Online,230-01,0x6050,155213069,236,NR5G_BAND78,631392,,,-760,-110,,290,49.220052,N,16.585018,E,020424,163749,254.6,0,0
24/04/02,18:37:49,T-Mobile CZ,31.99,LTE,Online,230-01,0x6050,155213069,394,EUTRAN-BAND20,6200,3,3,-93,-623,-346,14,49.220052,N,16.585017,E,020424,163752,254.7,0,0
24/04/02,18:37:49,T-Mobile CZ,31.99,NR5G_NSA,Online,230-01,0x6050,155213069,236,NR5G_BAND78,631392,,,-760,-110,,290,49.220052,N,16.585017,E,020424,163752,254.7,0,0
24/04/02,18:43:59,T-Mobile CZ,31.99,LTE,Online,230-01,0x6050,155213069,394,EUTRAN-BAND20,6200,3,3,-112,-682,-400,6,49.220075,N,16.585208,E,020424,164403,254.2,0,0
24/04/02,18:44:03,T-Mobile CZ,31.99,LTE,Online,230-01,0x6050,155213069,394,EUTRAN-BAND20,6200,3,3,-105,-681,-406,10,49.220075,N,16.585208,E,020424,164406,254.2,0,0
24/04/02,18:44:06,T-Mobile CZ,31.99,LTE,Online,230-01,0x6050,155213069,394,EUTRAN-BAND20,6200,3,3,-123,-681,-384,5,49.220075,N,16.585208,E,020424,164409,254.2,0,0
24/04/02,18:44:09,T-Mobile CZ,31.99,LTE,Online,230-01,0x6050,155213069,394,EUTRAN-BAND20,6200,3,3,-109,-682,-406,6,49.220075,N,16.585208,E,020424,164412,254.2,0,0
24/04/02,18:44:12,T-Mobile CZ,31.99,LTE,Online,230-01,0x6050,155213069,394,EUTRAN-BAND20,6200,3,3,-104,-685,-421,6,49.220075,N,16.585208,E,020424,164415,254.2,0,0
24/04/02,18:44:15,T-Mobile CZ,31.99,LTE,Online,230-01,0x6050,155213069,394,EUTRAN-BAND20,6200,3,3,-112,-683,-396,4,49.220075,N,16.585208,E,020424,164418,254.2,0,0
24/04/02,18:44:18,T-Mobile CZ,31.99,LTE,Online,230-01,0x6050,155213069,394,EUTRAN-BAND20,6200,3,3,-118,-677,-383,2,49.220080,N,16.585225,E,020424,164421,253.9,-0.1,
24/04/02,18:44:21,T-Mobile CZ,31.99,LTE,Online,230-01,0x6050,155213069,394,EUTRAN-BAND20,6200,3,3,-114,-670,-388,5,49.220096,N,16.585277,E,020424,164424,254.3,-0.1,
24/04/02,18:44:24,T-Mobile CZ,31.99,LTE,Online,230-01,0x6050,155213069,394,EUTRAN-BAND20,6200,3,3,-133,-638,-326,7,49.220133,N,16.585362,E,020424,164427,253.9,-0.4,
24/04/02,18:44:27,T-Mobile CZ,31.99,LTE,Online,230-01,0x6050,155213069,394,EUTRAN-BAND20,6200,3,3,-102,-688,-400,3,49.220194,N,16.585575,E,020424,164430,253.8,-0.2,
24/04/02,18:44:30,T-Mobile CZ,31.99,LTE,Online,230-01,0x6050,155213069,394,EUTRAN-BAND20,6200,3,3,-131,-733,-420,3,49.220257,N,16.585805,E,020424,164433,253.2,-0.2,
24/04/02,18:44:33,T-Mobile CZ,31.99,LTE,Online,230-01,0x6050,155213069,394,EUTRAN-BAND20,6200,3,3,-171,-754,-408,-1,49.220291,N,16.585948,E,020424,164436,252.9,-0.2,
24/04/02,18:44:36,T-Mobile CZ,31.99,LTE,Online,230-01,0x6050,155213069,394,EUTRAN-BAND20,6200,3,3,-151,-747,-419,-4,49.220295,N,16.586012,E,020424,164439,253,-0,
24/04/02,18:44:39,T-Mobile CZ,31.99,LTE,Online,230-01,0x6050,155213067,392,EUTRAN-BAND20,6200,3,3,-120,-692,-391,8,49.220205,N,16.586157,E,020424,164442,253,0,1
24/04/02,18:44:42,T-Mobile CZ,31.99,LTE,Online,230-01,0x6050,155213067,392,EUTRAN-BAND20,6200,3,3,-147,-712,-372,1,49.220019,N,16.586289,E,020424,164445,253.2,0.2,1
24/04/02,18:44:45,T-Mobile CZ,31.99,LTE,Online,230-01,0x6050,155213067,392,EUTRAN-BAND20,6200,3,3,-149,-793,-471,2,49.219771,N,16.586453,E,020424,164448,252.9,-0.3,
24/04/02,18:44:48,T-Mobile CZ,31.99,LTE,Online,230-01,0x6050,155213067,392,EUTRAN-BAND20,6200,3,3,-200,-811,-408,10,49.219501,N,16.586636,E,020424,164451,253.8,0,1
24/04/02,18:44:51,T-Mobile CZ,31.99,LTE,Online,230-01,0x6050,155213068,388,EUTRAN-BAND20,6200,3,3,-86,-638,-376,13,49.219246,N,16.586815,E,020424,164454,252.9,-0.1,
24/04/02,18:44:54,T-Mobile CZ,31.99,LTE,Online,230-01,0x6050,155213068,388,EUTRAN-BAND20,6200,3,3,-91,-603,-313,17,49.219010,N,16.586980,E,020424,164457,252.9,-0.1,
24/04/02,18:44:57,T-Mobile CZ,31.99,LTE,Online,230-01,0x6050,155213068,388,EUTRAN-BAND20,6200,3,3,-79,-654,-420,13,49.218788,N,16.587119,E,020424,164500,252.9,-0.1,
24/04/02,18:45:00,T-Mobile CZ,31.99,LTE,Online,230-01,0x6050,155213068,388,EUTRAN-BAND20,6200,3,3,-95,-658,-395,9,49.218586,N,16.587233,E,020424,164503,252.7,-0.1,
24/04/02,18:45:03,T-Mobile CZ,31.99,LTE,Online,230-01,0x6050,155213068,388,EUTRAN-BAND20,6200,3,3,-115,-734,-451,3,49.218461,N,16.587316,E,020424,164506,252.4,-0.1,
24/04/02,18:45:06,T-Mobile CZ,31.99,LTE,Online,230-01,0x6050,155213068,388,EUTRAN-BAND20,6200,3,3,-102,-694,-409,4,49.218373,N,16.587371,E,020424,164509,252.6,-0.2,
24/04/02,18:45:09,T-Mobile CZ,31.99,LTE,Online,230-01,0x6050,155213068,388,EUTRAN-BAND20,6200,3,3,-87,-677,-419,10,49.218262,N,16.587448,E,020424,164512,252.4,0,1
24/04/02,18:45:12,T-Mobile CZ,31.99,LTE,Online,230-01,0x6050,155213068,388,EUTRAN-BAND20,6200,3,3,-100,-693,-432,6,49.218176,N,16.587532,E,020424,164515,252.4,-0,
24/04/02,18:45:15,T-Mobile CZ,31.99,LTE,Online,230-01,0x6050,155213068,388,EUTRAN-BAND20,6200,3,3,-111,-684,-395,2,49.218125,N,16.587622,E,020424,164518,252.3,-0,
24/04/02,18:45:18,T-Mobile CZ,31.99,LTE,Online,230-01,0x6050,155213068,388,EUTRAN-BAND20,6200,3,3,-127,-739,-457,0,49.218170,N,16.587941,E,020424,164521,251.8,-0.2,
24/04/02,18:45:21,T-Mobile CZ,31.99,LTE,Online,230-01,0x6050,155213068,388,EUTRAN-BAND20,6200,3,3,-151,-776,-442,-3,49.218273,N,16.588311,E,020424,164524,251.8,-0.2,
24/04/02,18:45:24,T-Mobile CZ,31.99,LTE,Online,230-01,0x6050,155213068,388,EUTRAN-BAND20,6200,3,3,-157,-760,-426,-1,49.218365,N,16.588643,E,020424,164527,251.3,-0,
24/04/02,18:45:27,T-Mobile CZ,31.99,LTE,Online,230-01,0x6050,155213068,388,EUTRAN-BAND20,6200,3,3,-157,-799,-464,-4,49.218457,N,16.588974,E,020424,164530,250.4,-0.4,
24/04/02,18:45:30,T-Mobile CZ,31.99,LTE,Online,230-01,0x6050,155213068,388,EUTRAN-BAND20,6200,3,3,-141,-825,-515,0,49.218554,N,16.589336,E,020424,164533,249.9,-0.3,
24/04/02,18:45:33,T-Mobile CZ,31.99,LTE,Online,230-01,0x6050,155213068,388,EUTRAN-BAND20,6200,3,3,-136,-838,-519,-1,49.218647,N,16.589675,E,020424,164536,249.2,-0.1,
24/04/02,18:45:36,T-Mobile CZ,31.99,LTE,Online,230-01,0x6050,155213068,388,EUTRAN-BAND20,6200,3,3,-181,-847,-498,-5,49.218720,N,16.589964,E,020424,164539,249.1,-0.1,
24/04/02,18:45:39,T-Mobile CZ,31.99,LTE,Online,230-01,0x6050,155146509,6,EUTRAN-BAND20,6200,3,3,-134,-735,-442,8,49.218803,N,16.590285,E,020424,164542,248.5,-0.2,
24/04/02,18:45:42,T-Mobile CZ,31.99,LTE,Online,230-01,0x6050,155146509,6,EUTRAN-BAND20,6200,3,3,-118,-752,-472,6,49.218899,N,16.590636,E,020424,164545,248.2,-0.2,
24/04/02,18:45:45,T-Mobile CZ,31.99,LTE,Online,230-01,0x6050,155146509,6,EUTRAN-BAND20,6200,3,3,-128,-747,-450,9,49.218994,N,16.590964,E,020424,164548,248.1,-0.1,
24/04/02,18:45:48,T-Mobile CZ,31.99,LTE,Online,230-01,0x6050,155146509,6,EUTRAN-BAND20,6200,3,3,-142,-800,-495,2,49.219068,N,16.591258,E,020424,164551,247.3,-0.2,
24/04/02,18:45:51,T-Mobile CZ,31.99,LTE,Online,230-01,0x6050,155146509,6,EUTRAN-BAND20,6200,3,3,-169,-867,-529,-2,49.219148,N,16.591574,E,020424,164554,246.3,-0.3,
24/04/02,18:45:54,T-Mobile CZ,31.99,LTE,Online,230-01,0x6050,155146507,11,EUTRAN-BAND20,6200,3,3,-163,-860,-527,-4,49.219234,N,16.591893,E,020424,164557,245.3,-0.4,
24/04/02,18:45:57,T-Mobile CZ,31.99,LTE,Online,230-01,0x6050,155146507,11,EUTRAN-BAND20,6200,3,3,-93,-752,-480,7,49.219305,N,16.592142,E,020424,164600,245.1,-0,
24/04/02,18:46:00,T-Mobile CZ,31.99,LTE,Online,230-01,0x6050,155146507,11,EUTRAN-BAND20,6200,3,3,-86,-747,-490,9,49.219338,N,16.592271,E,020424,164603,244.5,-0.1,
24/04/02,18:46:03,T-Mobile CZ,31.99,LTE,Online,230-01,0x6050,155146507,11,EUTRAN-BAND20,6200,3,3,-139,-747,-433,7,49.219353,N,16.592327,E,020424,164606,244.9,-0.1,
24/04/02,18:46:06,T-Mobile CZ,31.99,LTE,Online,230-01,0x6050,155146507,11,EUTRAN-BAND20,6200,3,3,-94,-682,-403,17,49.219421,N,16.592549,E,020424,164609,244.3,-0.3,
24/04/02,18:46:09,T-Mobile CZ,31.99,LTE,Online,230-01,0x6050,155146507,11,EUTRAN-BAND20,6200,3,3,-105,-678,-410,12,49.219501,N,16.592865,E,020424,164612,243.4,-0.4,
24/04/02,18:46:12,T-Mobile CZ,31.99,LTE,Online,230-01,0x6050,155146507,11,EUTRAN-BAND20,6200,3,3,-102,-789,-506,5,49.219578,N,16.593201,E,020424,164615,241.5,-1,
24/04/02,18:46:15,T-Mobile CZ,31.99,LTE,Online,230-01,0x6050,155146507,11,EUTRAN-BAND20,6200,3,3,-103,-715,-443,11,49.219656,N,16.593547,E,020424,164618,240.4,-0.4,
24/04/02,18:46:18,T-Mobile CZ,31.99,LTE,Online,230-01,0x6050,155146507,11,EUTRAN-BAND20,6200,3,3,-104,-769,-492,7,49.219737,N,16.593884,E,020424,164621,238.7,-0.4,
24/04/02,18:46:21,T-Mobile CZ,31.99,LTE,Online,230-01,0x6050,155146507,11,EUTRAN-BAND20,6200,3,3,-133,-770,-470,5,49.219802,N,16.594175,E,020424,164624,237.6,-0.3,
24/04/02,18:46:24,T-Mobile CZ,31.99,LTE,Online,230-01,0x6050,155146507,11,EUTRAN-BAND20,6200,3,3,-103,-684,-404,12,49.219843,N,16.594359,E,020424,164627,237.1,-0.1,
24/04/02,18:46:27,T-Mobile CZ,31.99,LTE,Online,230-01,0x6050,155146507,11,EUTRAN-BAND20,6200,3,3,-110,-670,-398,11,49.219890,N,16.594578,E,020424,164630,236.2,-0.4,
24/04/02,18:46:30,T-Mobile CZ,31.99,LTE,Online,230-01,0x6050,155146507,11,EUTRAN-BAND20,6200,3,3,-121,-780,-481,6,49.219954,N,16.594858,E,020424,164633,235.6,-0.4,
24/04/02,18:46:33,T-Mobile CZ,31.99,LTE,Online,230-01,0x6050,155146507,11,EUTRAN-BAND20,6200,3,3,-178,-909,-559,-7,49.220031,N,16.595200,E,020424,164636,234.3,-0.6,
24/04/02,18:46:36,T-Mobile CZ,29.99,LTE,Online,230-01,0x6050,155146507,11,EUTRAN-BAND20,6200,3,3,-200,-913,-525,-6,49.220116,N,16.595566,E,020424,164639,232.9,-0.4,
24/04/02,18:46:39,T-Mobile CZ,31.99,LTE,Online,230-01,0x6050,154949388,494,EUTRAN-BAND20,6200,3,3,-200,-907,-541,-9,49.220204,N,16.595939,E,020424,164642,231.3,-0.5,
24/04/02,18:46:42,T-Mobile CZ,31.99,LTE,Online,230-01,0x6050,154898188,419,EUTRAN-BAND20,6200,3,3,-183,-814,-429,-5,49.220290,N,16.596298,E,020424,164645,230.2,-0.4,
24/04/02,18:46:45,T-Mobile CZ,31.99,LTE,Online,230-01,0x6050,155005709,279,EUTRAN-BAND20,6200,3,3,-153,-783,-457,-1,49.220350,N,16.596567,E,020424,164648,229.9,-0.2,
24/04/02,18:46:48,T-Mobile CZ,31.99,LTE,Online,230-01,0x6050,155005709,279,EUTRAN-BAND20,6200,3,3,-141,-726,-421,-3,49.220376,N,16.596692,E,020424,164651,230.2,0,6
24/04/02,18:46:51,T-Mobile CZ,31.99,LTE,Online,230-01,0x6050,155005709,279,EUTRAN-BAND20,6200,3,3,-120,-707,-419,1,49.220377,N,16.596713,E,020424,164654,230.8,0,0
24/04/02,18:46:54,T-Mobile CZ,31.99,LTE,Online,230-01,0x6050,155005709,279,EUTRAN-BAND20,6200,3,3,-148,-715,-398,2,49.220372,N,16.596720,E,020424,164657,230.9,0,0
24/04/02,18:46:57,T-Mobile CZ,31.99,LTE,Online,230-01,0x6050,155005709,279,EUTRAN-BAND20,6200,3,3,-120,-706,-413,4,49.220371,N,16.596729,E,020424,164700,230.7,0,0
24/04/02,18:47:00,T-Mobile CZ,31.99,LTE,Online,230-01,0x6050,155005709,279,EUTRAN-BAND20,6200,3,3,-131,-714,-406,0,49.220371,N,16.596735,E,020424,164703,231,0,0
24/04/02,18:47:03,T-Mobile CZ,31.99,LTE,Online,230-01,0x6050,155005709,279,EUTRAN-BAND20,6200,3,3,-118,-715,-412,1,49.220371,N,16.596736,E,020424,164706,230.9,0,0
24/04/02,18:47:06,T-Mobile CZ,31.99,LTE,Online,230-01,0x6050,155005709,279,EUTRAN-BAND20,6200,3,3,-104,-716,-444,7,49.220371,N,16.596736,E,020424,164709,230.9,0,0
24/04/02,18:47:09,T-Mobile CZ,31.99,LTE,Online,230-01,0x6050,155005709,279,EUTRAN-BAND20,6200,3,3,-120,-719,-425,1,49.220371,N,16.596736,E,020424,164712,230.9,0,0
24/04/02,18:47:12,T-Mobile CZ,31.99,LTE,Online,230-01,0x6050,155005709,279,EUTRAN-BAND20,6200,3,3,-111,-709,-420,2,49.220371,N,16.596736,E,020424,164715,230.9,0,0
24/04/02,18:47:15,T-Mobile CZ,31.99,LTE,Online,230-01,0x6050,155005709,279,EUTRAN-BAND20,6200,3,3,-117,-715,-419,2,49.220371,N,16.596736,E,020424,164718,230.9,0,0
24/04/02,18:47:18,T-Mobile CZ,31.99,LTE,Online,230-01,0x6050,155005709,279,EUTRAN-BAND20,6200,3,3,-108,-713,-439,6,49.220371,N,16.596736,E,020424,164721,230.9,0,0
24/04/02,18:47:21,T-Mobile CZ,31.99,LTE,Online,230-01,0x6050,155005709,279,EUTRAN-BAND20,6200,3,3,-134,-725,-413,0,49.220373,N,16.596738,E,020424,164724,231.4,0,0
24/04/02,18:47:24,T-Mobile CZ,31.99,LTE,Online,230-01,0x6050,155005709,279,EUTRAN-BAND20,6200,3,3,-124,-720,-414,3,49.220373,N,16.596735,E,020424,164727,231.6,0,0
24/04/02,18:47:27,T-Mobile CZ,31.99,LTE,Online,230-01,0x6050,155005709,279,EUTRAN-BAND20,6200,3,3,-127,-723,-418,2,49.220367,N,16.596734,E,020424,164730,231.1,0,0
24/04/02,18:47:30,T-Mobile CZ,31.99,LTE,Online,230-01,0x6050,155005709,279,EUTRAN-BAND20,6200,3,3,-145,-718,-396,-1,49.220360,N,16.596735,E,020424,164733,230.6,0,0
24/04/02,18:47:33,T-Mobile CZ,31.99,LTE,Online,230-01,0x6050,155005709,279,EUTRAN-BAND20,6200,3,3,-136,-722,-405,1,49.220358,N,16.596735,E,020424,164736,230.5,0,0
24/04/02,18:47:36,T-Mobile CZ,31.99,LTE,Online,230-01,0x6050,155005709,279,EUTRAN-BAND20,6200,3,3,-138,-724,-406,-1,49.220358,N,16.596735,E,020424,164739,230.5,0,0
24/04/02,18:47:39,T-Mobile CZ,31.99,LTE,Online,230-01,0x6050,155005709,279,EUTRAN-BAND20,6200,3,3,-133,-725,-410,3,49.220358,N,16.596735,E,020424,164742,230.5,0,0
24/04/02,18:47:42,T-Mobile CZ,31.99,LTE,Online,230-01,0x6050,155005709,279,EUTRAN-BAND20,6200,3,3,-131,-716,-409,1,49.220366,N,16.596744,E,020424,164745,230.3,-0,
24/04/02,18:47:45,T-Mobile CZ,31.99,LTE,Online,230-01,0x6050,155005709,279,EUTRAN-BAND20,6200,3,3,-114,-693,-397,2,49.220425,N,16.596848,E,020424,164748,230.5,0.1,3
24/04/02,18:47:48,T-Mobile CZ,31.99,LTE,Online,230-01,0x6050,155005709,279,EUTRAN-BAND20,6200,3,3,-116,-699,-416,1,49.220580,N,16.596834,E,020424,164751,230,0.1,3
24/04/02,18:47:51,T-Mobile CZ,31.99,LTE,Online,230-01,0x6050,155005709,279,EUTRAN-BAND20,6200,3,3,-123,-710,-415,-1,49.220756,N,16.596732,E,020424,164754,229.6,0.1,3
24/04/02,18:47:54,T-Mobile CZ,31.99,LTE,Online,230-01,0x6050,155005709,279,EUTRAN-BAND20,6200,3,3,-164,-705,-327,-3,49.220925,N,16.596627,E,020424,164757,229.1,-0.1,
24/04/02,18:47:57,T-Mobile CZ,31.99,LTE,Online,230-01,0x6050,155005707,280,EUTRAN-BAND20,6200,3,3,-96,-673,-414,12,49.221112,N,16.596493,E,020424,164800,229.1,-0.1,
24/04/02,18:48:00,T-Mobile CZ,31.99,LTE,Online,230-01,0x6050,155005707,280,EUTRAN-BAND20,6200,3,3,-119,-666,-384,14,49.221320,N,16.596357,E,020424,164803,229.1,0.2,3
24/04/02,18:48:03,T-Mobile CZ,31.99,LTE,Online,230-01,0x6050,155005707,280,EUTRAN-BAND20,6200,3,3,-137,-746,-434,6,49.221528,N,16.596235,E,020424,164806,229.2,0.3,3
24/04/02,18:48:06,T-Mobile CZ,31.99,LTE,Online,230-01,0x6050,155005707,280,EUTRAN-BAND20,6200,3,3,-125,-747,-457,8,49.221740,N,16.596103,E,020424,164809,229.3,0.3,3
24/04/02,18:48:09,T-Mobile CZ,31.99,LTE,Online,230-01,0x6050,155005707,280,EUTRAN-BAND20,6200,3,3,-122,-754,-458,6,49.221978,N,16.595958,E,020424,164812,229.7,0.3,3
24/04/02,18:48:12,T-Mobile CZ,31.99,LTE,Online,230-01,0x6050,155005707,280,EUTRAN-BAND20,6200,3,3,-130,-756,-443,1,49.222206,N,16.595798,E,020424,164815,230,0.2,3
24/04/02,18:48:15,T-Mobile CZ,31.99,LTE,Online,230-01,0x6050,155005707,280,EUTRAN-BAND20,6200,3,3,-105,-717,-446,7,49.222440,N,16.595685,E,020424,164818,230.5,0.2,3
24/04/02,18:48:18,T-Mobile CZ,31.99,LTE,Online,230-01,0x6050,155005707,280,EUTRAN-BAND20,6200,3,3,-120,-727,-436,5,49.222653,N,16.595584,E,020424,164821,230.7,0.1,3
24/04/02,18:48:21,T-Mobile CZ,31.99,LTE,Online,230-01,0x6050,155005707,280,EUTRAN-BAND20,6200,3,3,-97,-756,-473,6,49.222826,N,16.595495,E,020424,164824,230.2,0,3
24/04/02,18:48:24,T-Mobile CZ,31.99,LTE,Online,230-01,0x6050,155005707,280,EUTRAN-BAND20,6200,3,3,-108,-758,-490,5,49.222938,N,16.595424,E,020424,164827,230.4,0.1,3
24/04/02,18:48:27,T-Mobile CZ,31.99,LTE,Online,230-01,0x6050,155005707,280,EUTRAN-BAND20,6200,3,3,-116,-766,-476,0,49.223001,N,16.595382,E,020424,164830,230.9,-0,
24/04/02,18:48:30,T-Mobile CZ,31.99,LTE,Online,230-01,0x6050,155005707,280,EUTRAN-BAND20,6200,3,3,-124,-731,-432,7,49.223033,N,16.595369,E,020424,164833,230.7,-0,
24/04/02,18:48:33,T-Mobile CZ,31.99,LTE,Online,230-01,0x6050,155005707,280,EUTRAN-BAND20,6200,3,3,-107,-783,-514,2,49.223041,N,16.595366,E,020424,164836,231.3,0,0
24/04/02,18:48:36,T-Mobile CZ,31.99,LTE,Online,230-01,0x6050,155005707,280,EUTRAN-BAND20,6200,3,3,-139,-817,-514,-1,49.223044,N,16.595369,E,020424,164839,232.1,0,0
24/04/02,18:48:39,T-Mobile CZ,31.99,LTE,Online,230-01,0x6050,155005707,280,EUTRAN-BAND20,6200,3,3,-135,-810,-490,0,49.223063,N,16.595361,E,020424,164842,232.4,0.1,3
24/04/02,18:48:42,T-Mobile CZ,31.99,LTE,Online,230-01,0x6050,155005707,280,EUTRAN-BAND20,6200,3,3,-133,-784,-482,-1,49.223137,N,16.595317,E,020424,164845,232.9,0.1,3
24/04/02,18:48:45,T-Mobile CZ,31.99,LTE,Online,230-01,0x6050,155005707,280,EUTRAN-BAND20,6200,3,3,-155,-815,-491,-1,49.223238,N,16.595252,E,020424,164848,233.9,0.1,3
24/04/02,18:48:48,T-Mobile CZ,31.99,LTE,Online,230-01,0x6050,155005707,280,EUTRAN-BAND20,6200,3,3,-130,-760,-458,1,49.223311,N,16.595206,E,020424,164851,233.8,0.1,3
24/04/02,18:48:51,T-Mobile CZ,31.99,LTE,Online,230-01,0x6050,154974988,482,EUTRAN-BAND20,6200,3,3,-87,-767,-508,0,49.223372,N,16.595163,E,020424,164854,234.7,0.1,3
24/04/02,18:48:54,T-Mobile CZ,31.99,LTE,Online,230-01,0x6050,154974988,482,EUTRAN-BAND20,6200,3,3,-109,-747,-444,10,49.223486,N,16.595097,E,020424,164857,234.4,0,3
24/04/02,18:48:57,T-Mobile CZ,31.99,LTE,Online,230-01,0x6050,154974988,482,EUTRAN-BAND20,6200,3,3,-98,-730,-463,12,49.223558,N,16.595056,E,020424,164900,234.5,-0.1,
24/04/02,18:49:00,T-Mobile CZ,31.99,LTE,Online,230-01,0x6050,154974988,482,EUTRAN-BAND20,6200,3,3,-80,-767,-517,11,49.223591,N,16.595037,E,020424,164903,234.9,0,3
24/04/02,18:49:03,T-Mobile CZ,31.99,LTE,Online,230-01,0x6050,154974988,482,EUTRAN-BAND20,6200,3,3,-135,-748,-442,7,49.223599,N,16.595030,E,020424,164906,234.8,-0,
24/04/02,18:49:06,T-Mobile CZ,31.99,LTE,Online,230-01,0x6050,154974988,482,EUTRAN-BAND20,6200,3,3,-83,-754,-507,9,49.223652,N,16.594999,E,020424,164909,234.6,-0.5,
24/04/02,18:49:09,T-Mobile CZ,31.99,LTE,Online,230-01,0x6050,154974988,482,EUTRAN-BAND20,6200,3,3,-79,-718,-467,15,49.223750,N,16.594937,E,020424,164912,234.5,0.1,3
24/04/02,18:49:12,T-Mobile CZ,31.99,LTE,Online,230-01,0x6050,154974988,482,EUTRAN-BAND20,6200,3,3,-136,-719,-413,14,49.223902,N,16.594845,E,020424,164915,234.4,0,3
24/04/02,18:49:15,T-Mobile CZ,31.99,LTE,Online,230-01,0x6050,154974988,482,EUTRAN-BAND20,6200,3,3,-121,-739,-438,11,49.224085,N,16.594736,E,020424,164918,234.7,-0,
24/04/02,18:49:18,T-Mobile CZ,31.99,LTE,Online,230-01,0x6050,154974988,482,EUTRAN-BAND20,6200,3,3,-93,-740,-476,12,49.224275,N,16.594602,E,020424,164921,235.1,0.1,3
24/04/02,18:49:21,T-Mobile CZ,31.99,LTE,Online,230-01,0x6050,154974988,482,EUTRAN-BAND20,6200,3,3,-112,-716,-442,10,49.224483,N,16.594465,E,020424,164924,234.8,-0.1,
24/04/02,18:49:24,T-Mobile CZ,31.99,LTE,Online,230-01,0x6050,154974988,482,EUTRAN-BAND20,6200,3,3,-122,-704,-389,12,49.224705,N,16.594333,E,020424,164927,235,0.1,3
24/04/02,18:49:27,T-Mobile CZ,31.99,LTE,Online,230-01,0x6050,154974988,482,EUTRAN-BAND20,6200,3,3,-112,-667,-389,16,49.224946,N,16.594190,E,020424,164930,235.3,0,3
24/04/02,18:49:30,T-Mobile CZ,31.99,LTE,Online,230-01,0x6050,154974988,482,EUTRAN-BAND20,6200,3,3,-95,-700,-449,12,49.225206,N,16.594037,E,020424,164933,235.6,-0.1,
24/04/02,18:49:33,T-Mobile CZ,31.99,LTE,Online,230-01,0x6050,154974988,482,EUTRAN-BAND20,6200,3,3,-95,-660,-399,9,49.225473,N,16.593886,E,020424,164936,235.8,0,3
24/04/02,18:49:36,T-Mobile CZ,31.99,LTE,Online,230-01,0x6050,154974988,482,EUTRAN-BAND20,6200,3,3,-135,-620,-306,5,49.225735,N,16.593736,E,020424,164939,236.4,0,3
24/04/02,18:49:39,T-Mobile CZ,31.99,LTE,Online,230-01,0x6050,154974988,482,EUTRAN-BAND20,6200,3,3,-76,-618,-379,17,49.225995,N,16.593585,E,020424,164942,236.6,0.1,3
24/04/02,18:49:42,T-Mobile CZ,31.99,LTE,Online,230-01,0x6050,154974988,482,EUTRAN-BAND20,6200,3,3,-102,-606,-337,17,49.226249,N,16.593438,E,020424,164945,237.3,0,3
24/04/02,18:49:45,T-Mobile CZ,31.99,LTE,Online,230-01,0x6050,154974988,482,EUTRAN-BAND20,6200,3,3,-136,-596,-276,7,49.226513,N,16.593290,E,020424,164948,237.3,0.2,3
24/04/02,18:49:48,T-Mobile CZ,31.99,LTE,Online,230-01,0x6050,154974988,482,EUTRAN-BAND20,6200,3,3,-135,-599,-288,13,49.226747,N,16.593167,E,020424,164951,237.4,-0,
24/04/02,18:49:51,T-Mobile CZ,31.99,LTE,Online,230-01,0x6050,154974988,482,EUTRAN-BAND20,6200,3,3,-131,-587,-284,9,49.226937,N,16.593066,E,020424,164954,237.5,0.2,3
24/04/02,18:49:54,T-Mobile CZ,31.99,LTE,Online,230-01,0x6050,154974988,482,EUTRAN-BAND20,6200,3,3,-114,-637,-355,5,49.227049,N,16.593006,E,020424,164957,237.3,0,3
24/04/02,18:49:57,T-Mobile CZ,31.99,LTE,Online,230-01,0x6050,154974988,482,EUTRAN-BAND20,6200,3,3,-120,-684,-396,0,49.227076,N,16.592990,E,020424,165000,237.2,-0,
24/04/02,18:50:00,T-Mobile CZ,31.99,LTE,Online,230-01,0x6050,154974988,482,EUTRAN-BAND20,6200,3,3,-122,-654,-369,2,49.227085,N,16.592996,E,020424,165003,236.7,0,0
24/04/02,18:50:03,T-Mobile CZ,31.99,LTE,Online,230-01,0x6050,154974988,482,EUTRAN-BAND20,6200,3,3,-140,-654,-346,2,49.227088,N,16.593002,E,020424,165006,236.6,0,0
24/04/02,18:50:06,T-Mobile CZ,31.99,LTE,Online,230-01,0x6050,154974988,482,EUTRAN-BAND20,6200,3,3,-117,-642,-355,3,49.227090,N,16.593003,E,020424,165009,236.7,0,0
24/04/02,18:50:09,T-Mobile CZ,31.99,LTE,Online,230-01,0x6050,154974988,482,EUTRAN-BAND20,6200,3,3,-104,-656,-389,3,49.227089,N,16.593006,E,020424,165012,236.6,0,0
24/04/02,18:50:12,T-Mobile CZ,31.99,LTE,Online,230-01,0x6050,154974988,482,EUTRAN-BAND20,6200,3,3,-108,-665,-388,2,49.227090,N,16.593009,E,020424,165015,236.6,0,3
24/04/02,18:50:15,T-Mobile CZ,31.99,LTE,Online,230-01,0x6050,154974988,482,EUTRAN-BAND20,6200,3,3,-132,-675,-365,0,49.227104,N,16.592994,E,020424,165018,237.2,0,3
24/04/02,18:50:18,T-Mobile CZ,31.99,LTE,Online,230-01,0x6050,154974988,482,EUTRAN-BAND20,6200,3,3,-114,-655,-361,3,49.227122,N,16.592979,E,020424,165021,237.6,0,3
24/04/02,18:50:21,T-Mobile CZ,31.99,LTE,Online,230-01,0x6050,154974988,482,EUTRAN-BAND20,6200,3,3,-148,-692,-362,-3,49.227156,N,16.592953,E,020424,165024,237.7,0,3
24/04/02,18:50:24,T-Mobile CZ,31.99,LTE,Online,230-01,0x6050,154974988,482,EUTRAN-BAND20,6200,3,3,-145,-693,-377,-1,49.227158,N,16.592943,E,020424,165027,237.8,0,0
24/04/02,18:50:27,T-Mobile CZ,31.99,LTE,Online,230-01,0x6050,154974988,482,EUTRAN-BAND20,6200,3,3,-140,-674,-354,0,49.227157,N,16.592933,E,020424,165030,237.7,0,0
24/04/02,18:50:30,T-Mobile CZ,31.99,LTE,Online,230-01,0x6050,154895627,455,EUTRAN-BAND20,6200,3,3,-83,-639,-377,10,49.227156,N,16.592925,E,020424,165033,237.5,0,0
24/04/02,18:50:33,T-Mobile CZ,31.99,LTE,Online,230-01,0x6050,154895627,455,EUTRAN-BAND20,6200,3,3,-76,-632,-378,11,49.227159,N,16.592912,E,020424,165036,238,0,0
24/04/02,18:50:36,T-Mobile CZ,31.99,LTE,Online,230-01,0x6050,154895627,455,EUTRAN-BAND20,6200,3,3,-78,-634,-376,9,49.227162,N,16.592907,E,020424,165039,238,0,0
24/04/02,18:50:39,T-Mobile CZ,31.99,LTE,Online,230-01,0x6050,154895627,455,EUTRAN-BAND20,6200,3,3,-92,-638,-358,7,49.227163,N,16.592903,E,020424,165042,237.8,0,0
24/04/02,18:50:42,T-Mobile CZ,31.99,LTE,Online,230-01,0x6050,154895627,455,EUTRAN-BAND20,6200,3,3,-96,-657,-394,6,49.227171,N,16.592895,E,020424,165045,238.3,0.4,3
24/04/02,18:50:45,T-Mobile CZ,31.99,LTE,Online,230-01,0x6050,154895627,455,EUTRAN-BAND20,6200,3,3,-89,-665,-417,6,49.227262,N,16.592839,E,020424,165048,239.1,-0.1,
24/04/02,18:50:48,T-Mobile CZ,31.99,LTE,Online,230-01,0x6050,154895627,455,EUTRAN-BAND20,6200,3,3,-89,-663,-403,8,49.227411,N,16.592741,E,020424,165051,238.9,-0.6,
24/04/02,18:50:51,T-Mobile CZ,31.99,LTE,Online,230-01,0x6050,154895627,455,EUTRAN-BAND20,6200,3,3,-169,-734,-387,-10,49.227626,N,16.592587,E,020424,165054,238.8,0.2,3
24/04/02,18:50:54,T-Mobile CZ,31.99,LTE,Online,230-01,0x6050,154974988,482,EUTRAN-BAND20,6200,3,3,-119,-706,-413,5,49.227854,N,16.592425,E,020424,165057,239.7,0.6,3
24/04/02,18:50:57,T-Mobile CZ,31.99,LTE,Online,230-01,0x6050,154974989,480,EUTRAN-BAND20,6200,3,3,-106,-672,-397,0,49.228125,N,16.592244,E,020424,165100,240.3,0.1,3
24/04/02,18:51:00,T-Mobile CZ,31.99,LTE,Online,230-01,0x6050,154974989,480,EUTRAN-BAND20,6200,3,3,-132,-712,-401,12,49.228398,N,16.592055,E,020424,165103,240.5,0.2,3
24/04/02,18:51:03,T-Mobile CZ,31.99,LTE,Online,230-01,0x6050,154974989,480,EUTRAN-BAND20,6200,3,3,-130,-650,-351,16,49.228673,N,16.591864,E,020424,165106,241.3,-0.4,
24/04/02,18:51:06,T-Mobile CZ,31.99,LTE,Online,230-01,0x6050,154974989,480,EUTRAN-BAND20,6200,3,3,-127,-707,-399,11,49.228959,N,16.591674,E,020424,165109,242.8,0.2,3
24/04/02,18:51:09,T-Mobile CZ,31.99,LTE,Online,230-01,0x6050,154974989,480,EUTRAN-BAND20,6200,3,3,-134,-670,-375,15,49.229261,N,16.591465,E,020424,165112,242.6,0,3
24/04/02,18:51:12,T-Mobile CZ,31.99,LTE,Online,230-01,0x6050,154974989,480,EUTRAN-BAND20,6200,3,3,-96,-658,-370,19,49.229569,N,16.591267,E,020424,165115,243.2,-0.1,
24/04/02,18:51:15,T-Mobile CZ,31.99,LTE,Online,230-01,0x6050,154974989,480,EUTRAN-BAND20,6200,3,3,-122,-690,-397,11,49.229879,N,16.591064,E,020424,165118,243.4,0.2,3
24/04/02,18:51:18,T-Mobile CZ,31.99,LTE,Online,230-01,0x6050,154974989,480,EUTRAN-BAND20,6200,3,3,-137,-760,-445,7,49.230193,N,16.590857,E,020424,165121,243.6,0.1,3
24/04/02,18:51:21,T-Mobile CZ,31.99,LTE,Online,230-01,0x6050,154974989,480,EUTRAN-BAND20,6200,3,3,-126,-783,-459,5,49.230505,N,16.590651,E,020424,165124,243.7,-0.1,
24/04/02,18:51:24,T-Mobile CZ,31.99,LTE,Online,230-01,0x6050,154974989,480,EUTRAN-BAND20,6200,3,3,-139,-771,-465,3,49.230808,N,16.590449,E,020424,165127,243.8,-0.3,
24/04/02,18:51:27,T-Mobile CZ,31.99,LTE,Online,230-01,0x6050,154974989,480,EUTRAN-BAND20,6200,3,3,-157,-823,-492,1,49.231109,N,16.590243,E,020424,165130,244.3,-0.1,
24/04/02,18:51:30,T-Mobile CZ,31.99,LTE,Online,230-01,0x6050,154974989,480,EUTRAN-BAND20,6200,3,3,-164,-809,-474,0,49.231415,N,16.590043,E,020424,165133,244.4,-0.3,
24/04/02,18:51:33,T-Mobile CZ,31.99,LTE,Online,230-01,0x6050,155138829,58,EUTRAN-BAND20,6200,3,3,-103,-740,-443,3,49.231736,N,16.589851,E,020424,165136,244.2,-0.2,
24/04/02,18:51:36,T-Mobile CZ,31.99,LTE,Online,230-01,0x6050,155138829,58,EUTRAN-BAND20,6200,3,3,-100,-730,-443,8,49.232066,N,16.589657,E,020424,165139,243.8,0.1,3
24/04/02,18:51:39,T-Mobile CZ,31.99,LTE,Online,230-01,0x6050,155138829,58,EUTRAN-BAND20,6200,3,3,-119,-749,-472,1,49.232390,N,16.589422,E,020424,165142,243.5,0,3
24/04/02,18:51:42,T-Mobile CZ,31.99,LTE,Online,230-01,0x6050,155138829,58,EUTRAN-BAND20,6200,3,3,-119,-776,-491,5,49.232721,N,16.589200,E,020424,165145,243.1,-0,
24/04/02,18:51:45,T-Mobile CZ,31.99,LTE,Online,230-01,0x6050,155138829,58,EUTRAN-BAND20,6200,3,3,-100,-747,-470,9,49.233064,N,16.588978,E,020424,165148,243,-0,
24/04/02,18:51:48,T-Mobile CZ,31.99,LTE,Online,230-01,0x6050,155138829,58,EUTRAN-BAND20,6200,3,3,-113,-706,-435,6,49.233401,N,16.588748,E,020424,165151,243.4,0,3
24/04/02,18:51:51,T-Mobile CZ,31.99,LTE,Online,230-01,0x6050,155138829,58,EUTRAN-BAND20,6200,3,3,-140,-720,-411,0,49.233744,N,16.588525,E,020424,165154,243.6,0.2,3
24/04/02,18:51:54,T-Mobile CZ,31.99,LTE,Online,230-01,0x6050,155138829,58,EUTRAN-BAND20,6200,3,3,-139,-724,-416,4,49.234082,N,16.588346,E,020424,165157,242.3,0.2,3
24/04/02,18:51:57,T-Mobile CZ,31.99,LTE,Online,230-01,0x6050,155138829,58,EUTRAN-BAND20,6200,3,3,-152,-744,-420,0,49.234402,N,16.588152,E,020424,165200,242.7,-0.3,
24/04/02,18:52:00,T-Mobile CZ,31.99,LTE,Online,230-01,0x6050,155138829,58,EUTRAN-BAND20,6200,3,3,-150,-790,-444,-2,49.234716,N,16.587944,E,020424,165203,242.3,0.4,3
24/04/02,18:52:03,T-Mobile CZ,31.99,LTE,Online,230-01,0x6050,155138829,58,EUTRAN-BAND20,6200,3,3,-200,-837,-467,-7,49.235016,N,16.587727,E,020424,165206,243.8,-0.3,
24/04/02,18:52:06,T-Mobile CZ,31.99,LTE,Online,230-01,0x6050,155184908,426,EUTRAN-BAND20,6200,3,3,-89,-695,-415,6,49.235308,N,16.587525,E,020424,165209,244.2,-0.2,
24/04/02,18:52:09,T-Mobile CZ,31.99,LTE,Online,230-01,0x6050,155184908,426,EUTRAN-BAND20,6200,3,3,-84,-697,-428,10,49.235587,N,16.587295,E,020424,165212,244.1,-0.1,
24/04/02,18:52:12,T-Mobile CZ,31.99,LTE,Online,230-01,0x6050,155138827,57,EUTRAN-BAND20,6200,3,3,-145,-732,-418,0,49.235887,N,16.587062,E,020424,165215,243.7,-0.1,
24/04/02,18:52:15,T-Mobile CZ,31.99,LTE,Online,230-01,0x6050,155138827,57,EUTRAN-BAND20,6200,3,3,-122,-681,-368,7,49.236191,N,16.586849,E,020424,165218,244.3,0,3
24/04/02,18:52:18,T-Mobile CZ,31.99,LTE,Online,230-01,0x6050,155138827,57,EUTRAN-BAND20,6200,3,3,-111,-702,-415,3,49.236515,N,16.586637,E,020424,165221,243.9,-0.2,
24/04/02,18:52:21,T-Mobile CZ,31.99,LTE,Online,230-01,0x6050,155138827,57,EUTRAN-BAND20,6200,3,3,-127,-767,-482,0,49.236847,N,16.586402,E,020424,165224,242.3,-0.1,
24/04/02,18:52:24,T-Mobile CZ,31.99,LTE,Online,230-01,0x6050,155138827,57,EUTRAN-BAND20,6200,3,3,-151,-843,-523,0,49.237174,N,16.586191,E,020424,165227,241.6,0,3
24/04/02,18:52:27,T-Mobile CZ,31.99,LTE,Online,230-01,0x6050,155220748,307,EUTRAN-BAND20,6200,3,3,-108,-793,-514,0,49.237494,N,16.585977,E,020424,165230,241.7,0.3,3
24/04/02,18:52:30,T-Mobile CZ,31.99,LTE,Online,230-01,0x6050,155220748,307,EUTRAN-BAND20,6200,3,3,-103,-784,-501,3,49.237808,N,16.585763,E,020424,165233,243.3,0.2,3
24/04/02,18:52:33,T-Mobile CZ,31.99,LTE,Online,230-01,0x6050,155220748,307,EUTRAN-BAND20,6200,3,3,-106,-746,-454,5,49.238126,N,16.585565,E,020424,165236,245.6,0.9,3
24/04/02,18:52:36,T-Mobile CZ,31.99,LTE,Online,230-01,0x6050,155220748,307,EUTRAN-BAND20,6200,3,3,-89,-752,-473,4,49.238257,N,16.585467,E,020424,165239,246.2,0.1,3
24/04/02,18:52:39,T-Mobile CZ,31.99,LTE,Online,230-01,0x6050,155220748,307,EUTRAN-BAND20,6200,3,3,-81,-679,-430,8,49.238275,N,16.585457,E,020424,165242,246.3,0,0
24/04/02,18:52:42,T-Mobile CZ,31.99,LTE,Online,230-01,0x6050,155220748,307,EUTRAN-BAND20,6200,3,3,-80,-679,-430,9,49.238276,N,16.585460,E,020424,165245,246.8,0,0
24/04/02,18:52:45,T-Mobile CZ,31.99,LTE,Online,230-01,0x6050,155220748,307,EUTRAN-BAND20,6200,3,3,-80,-680,-436,9,49.238276,N,16.585460,E,020424,165248,247.7,0,0
24/04/02,18:52:48,T-Mobile CZ,31.99,LTE,Online,230-01,0x6050,155220748,307,EUTRAN-BAND20,6200,3,3,-95,-680,-404,10,49.238275,N,16.585469,E,020424,165251,248,0,0
24/04/02,18:52:51,T-Mobile CZ,31.99,LTE,Online,230-01,0x6050,155220748,307,EUTRAN-BAND20,6200,3,3,-76,-670,-430,8,49.238270,N,16.585476,E,020424,165254,247.6,0,0
24/04/02,18:52:54,T-Mobile CZ,31.99,LTE,Online,230-01,0x6050,155220748,307,EUTRAN-BAND20,6200,3,3,-74,-680,-434,11,49.238265,N,16.585475,E,020424,165257,246.9,0,0
24/04/02,18:52:57,T-Mobile CZ,31.99,LTE,Online,230-01,0x6050,155220748,307,EUTRAN-BAND20,6200,3,3,-73,-679,-436,9,49.238264,N,16.585475,E,020424,165300,246.7,0,0
24/04/02,18:53:00,T-Mobile CZ,31.99,LTE,Online,230-01,0x6050,155220748,307,EUTRAN-BAND20,6200,3,3,-74,-680,-439,11,49.238264,N,16.585475,E,020424,165303,246.6,0,0
24/04/02,18:53:03,T-Mobile CZ,31.99,LTE,Online,230-01,0x6050,155220748,307,EUTRAN-BAND20,6200,3,3,-76,-682,-431,7,49.238264,N,16.585475,E,020424,165306,246.6,0,0
24/04/02,18:53:06,T-Mobile CZ,31.99,LTE,Online,230-01,0x6050,155220748,307,EUTRAN-BAND20,6200,3,3,-76,-700,-459,8,49.238360,N,16.585411,E,020424,165309,247.1,0.4,3
24/04/02,18:53:09,T-Mobile CZ,31.99,LTE,Online,230-01,0x6050,155220748,307,EUTRAN-BAND20,6200,3,3,-77,-661,-420,7,49.238551,N,16.585283,E,020424,165312,247.5,0.5,3
24/04/02,18:53:12,T-Mobile CZ,31.99,LTE,Online,230-01,0x6050,155220748,307,EUTRAN-BAND20,6200,3,3,-176,-724,-364,-3,49.238812,N,16.585106,E,020424,165315,248.7,0.6,3
24/04/02,18:53:15,T-Mobile CZ,31.99,LTE,Online,230-01,0x6050,155184907,424,EUTRAN-BAND20,6200,3,3,-115,-666,-392,4,49.239114,N,16.584899,E,020424,165318,250.5,0.7,3
24/04/02,18:53:18,T-Mobile CZ,31.99,LTE,Online,230-01,0x6050,155184907,424,EUTRAN-BAND20,6200,3,3,-200,-855,-473,-9,49.239432,N,16.584683,E,020424,165321,252.5,0.6,3
24/04/02,18:53:21,T-Mobile CZ,31.99,LTE,Online,230-01,0x6050,155220748,307,EUTRAN-BAND20,6200,3,3,-90,-719,-438,6,49.239759,N,16.584462,E,020424,165324,254.5,0.6,3
24/04/02,18:53:24,T-Mobile CZ,31.99,LTE,Online,230-01,0x6050,155220748,307,EUTRAN-BAND20,6200,3,3,-129,-813,-520,0,49.240066,N,16.584259,E,020424,165327,256.5,0.5,3
24/04/02,18:53:27,T-Mobile CZ,31.99,LTE,Online,230-01,0x6050,155220748,307,EUTRAN-BAND20,6200,3,3,-181,-885,-533,-6,49.240319,N,16.584081,E,020424,165330,258.3,0.5,3
24/04/02,18:53:30,T-Mobile CZ,30.99,LTE,Online,230-01,0x6050,155159308,320,EUTRAN-BAND20,6200,3,3,-131,-823,-523,0,49.240562,N,16.583924,E,020424,165333,259,0.3,3
24/04/02,18:53:33,T-Mobile CZ,30.99,LTE,Online,230-01,0x6050,155159308,320,EUTRAN-BAND20,6200,3,3,-119,-799,-509,2,49.240818,N,16.583755,E,020424,165336,259.6,0.4,3
24/04/02,18:53:36,T-Mobile CZ,31.99,LTE,Online,230-01,0x6050,155159308,320,EUTRAN-BAND20,6200,3,3,-126,-804,-498,0,49.241125,N,16.583541,E,020424,165339,260.8,0.4,3
24/04/02,18:53:39,T-Mobile CZ,31.99,LTE,Online,230-01,0x6050,155159308,320,EUTRAN-BAND20,6200,3,3,-105,-800,-523,2,49.241441,N,16.583342,E,020424,165342,262.2,0.4,3
24/04/02,18:53:42,T-Mobile CZ,31.99,LTE,Online,230-01,0x6050,155159308,320,EUTRAN-BAND20,6200,3,3,-126,-711,-406,4,49.241762,N,16.583122,E,020424,165345,263,0.3,3
24/04/02,18:53:45,T-Mobile CZ,31.99,LTE,Online,230-01,0x6050,155159308,320,EUTRAN-BAND20,6200,3,3,-138,-765,-462,0,49.242087,N,16.582898,E,020424,165348,264.3,0.4,3
24/04/02,18:53:48,T-Mobile CZ,31.99,LTE,Online,230-01,0x6050,155159308,320,EUTRAN-BAND20,6200,3,3,-160,-854,-534,-6,49.242424,N,16.582678,E,020424,165351,265.8,0.4,3
24/04/02,18:53:51,T-Mobile CZ,31.99,LTE,Online,230-01,0x6050,155159308,320,EUTRAN-BAND20,6200,3,3,-161,-823,-464,-4,49.242764,N,16.582451,E,020424,165354,267.4,0.5,3
24/04/02,18:53:54,T-Mobile CZ,31.99,LTE,Online,230-01,0x6050,155159308,320,EUTRAN-BAND20,6200,3,3,-197,-831,-454,-5,49.243098,N,16.582226,E,020424,165357,269.2,0.5,3
24/04/02,18:53:57,T-Mobile CZ,31.99,LTE,Online,230-01,0x6050,155159307,310,EUTRAN-BAND20,6200,3,3,-145,-804,-513,3,49.243413,N,16.582007,E,020424,165400,270.7,0,3
24/04/02,18:54:00,T-Mobile CZ,31.99,LTE,Online,230-01,0x6050,155159307,310,EUTRAN-BAND20,6200,3,3,-136,-777,-470,9,49.243727,N,16.581795,E,020424,165403,271.2,0.6,3
24/04/02,18:54:03,T-Mobile CZ,31.99,LTE,Online,230-01,0x6050,155159307,310,EUTRAN-BAND20,6200,3,3,-118,-762,-485,9,49.243985,N,16.581629,E,020424,165406,271.8,0.3,3
24/04/02,18:54:06,T-Mobile CZ,31.99,LTE,Online,230-01,0x6050,155159307,310,EUTRAN-BAND20,6200,3,3,-120,-775,-482,11,49.244227,N,16.581469,E,020424,165409,273.9,0.3,3
24/04/02,18:54:09,T-Mobile CZ,31.99,LTE,Online,230-01,0x6050,155159307,310,EUTRAN-BAND20,6200,3,3,-140,-821,-510,7,49.244482,N,16.581298,E,020424,165412,274.8,0.6,3
24/04/02,18:54:12,T-Mobile CZ,31.99,LTE,Online,230-01,0x6050,155159307,310,EUTRAN-BAND20,6200,3,3,-122,-770,-466,12,49.244774,N,16.581105,E,020424,165415,275.8,0.1,3
24/04/02,18:54:15,T-Mobile CZ,31.99,LTE,Online,230-01,0x6050,155159307,310,EUTRAN-BAND20,6200,3,3,-145,-836,-505,4,49.245096,N,16.580892,E,020424,165418,276.6,0.7,3
24/04/02,18:54:18,T-Mobile CZ,31.99,LTE,Online,230-01,0x6050,155159307,310,EUTRAN-BAND20,6200,3,3,-157,-860,-541,-2,49.245432,N,16.580662,E,020424,165421,278.2,0.4,3
24/04/02,18:54:21,T-Mobile CZ,31.99,LTE,Online,230-01,0x6050,155159307,310,EUTRAN-BAND20,6200,3,3,-179,-897,-550,-5,49.245773,N,16.580434,E,020424,165424,279.7,0.5,3
24/04/02,18:54:24,T-Mobile CZ,30.99,LTE,Online,230-01,0x6050,155190027,467,EUTRAN-BAND20,6200,3,3,-127,-821,-462,-2,49.246106,N,16.580210,E,020424,165427,281.1,0.3,3
24/04/02,18:54:27,T-Mobile CZ,31.99,LTE,Online,230-01,0x6050,155190027,467,EUTRAN-BAND20,6200,3,3,-119,-812,-509,0,49.246408,N,16.580019,E,020424,165430,283.3,0.3,3
24/04/02,18:54:30,T-Mobile CZ,31.99,LTE,Online,230-01,0x6050,155243789,42,EUTRAN-BAND20,6200,3,3,-90,-671,-392,0,49.246658,N,16.579844,E,020424,165433,281.3,0.3,3
24/04/02,18:54:33,T-Mobile CZ,31.99,LTE,Online,230-01,0x6050,155243789,42,EUTRAN-BAND20,6200,3,3,-98,-628,-342,13,49.246820,N,16.579726,E,020424,165436,281.5,0.2,3
24/04/02,18:54:36,T-Mobile CZ,31.99,LTE,Online,230-01,0x6050,155243789,42,EUTRAN-BAND20,6200,3,3,-80,-536,-258,16,49.246876,N,16.579529,E,020424,165439,283.9,0.2,2
24/04/02,18:54:39,T-Mobile CZ,31.99,LTE,Online,230-01,0x6050,155243789,42,EUTRAN-BAND20,6200,3,3,-81,-596,-360,18,49.246727,N,16.579316,E,020424,165442,283.7,0.2,2
24/04/02,18:54:42,T-Mobile CZ,31.99,LTE,Online,230-01,0x6050,155243789,42,EUTRAN-BAND20,6200,3,3,-91,-621,-376,14,49.246492,N,16.579113,E,020424,165445,285.6,0.5,2
24/04/02,18:54:45,T-Mobile CZ,31.99,LTE,Online,230-01,0x6050,155243789,42,EUTRAN-BAND20,6200,3,3,-81,-673,-428,11,49.246231,N,16.578944,E,020424,165448,287.7,-0.3,
24/04/02,18:54:48,T-Mobile CZ,31.99,LTE,Online,230-01,0x6050,155243789,42,EUTRAN-BAND20,6200,3,3,-91,-766,-507,8,49.245953,N,16.578726,E,020424,165451,288.7,0.3,2
24/04/02,18:54:51,T-Mobile CZ,31.99,LTE,Online,230-01,0x6050,155243789,42,EUTRAN-BAND20,6200,3,3,-194,-844,-481,-6,49.245662,N,16.578513,E,020424,165454,289.6,0.2,2
24/04/02,18:54:54,T-Mobile CZ,30.99,LTE,Online,230-01,0x6050,155243789,42,EUTRAN-BAND20,6200,3,3,-200,-934,-538,-5,49.245362,N,16.578315,E,020424,165457,289.9,0.1,2
24/04/02,18:54:57,T-Mobile CZ,28.99,LTE,Online,230-01,0x6050,155159310,311,EUTRAN-BAND20,6200,3,3,-148,-889,-551,-2,49.245054,N,16.578122,E,020424,165500,289.7,-0.2,
24/04/02,18:55:00,T-Mobile CZ,31.99,LTE,Online,230-01,0x6050,155159310,311,EUTRAN-BAND20,6200,3,3,-138,-846,-526,-2,49.244753,N,16.577924,E,020424,165503,289,-0.3,
24/04/02,18:55:03,T-Mobile CZ,29.99,LTE,Online,230-01,0x6050,155159310,311,EUTRAN-BAND20,6200,3,3,-151,-825,-492,0,49.244481,N,16.577681,E,020424,165506,288,-0.6,
24/04/02,18:55:06,T-Mobile CZ,29.99,LTE,Online,230-01,0x6050,155159310,311,EUTRAN-BAND20,6200,3,3,-144,-864,-552,0,49.244240,N,16.577395,E,020424,165509,285.6,-1,
24/04/02,18:55:09,T-Mobile CZ,29.99,LTE,Online,230-01,0x6050,155159310,311,EUTRAN-BAND20,6200,3,3,-142,-844,-534,3,49.243965,N,16.577093,E,020424,165512,282.3,-1.2,
24/04/02,18:55:12,T-Mobile CZ,29.99,LTE,Online,230-01,0x6050,155159310,311,EUTRAN-BAND20,6200,3,3,-136,-802,-492,4,49.243691,N,16.576763,E,020424,165515,278.3,-1.1,
24/04/02,18:55:15,T-Mobile CZ,31.99,LTE,Online,230-01,0x6050,155159310,311,EUTRAN-BAND20,6200,3,3,-127,-695,-422,12,49.243435,N,16.576419,E,020424,165518,275,-1.1,
24/04/02,18:55:18,T-Mobile CZ,31.99,LTE,Online,230-01,0x6050,155159310,311,EUTRAN-BAND20,6200,3,3,-116,-758,-468,10,49.243191,N,16.576091,E,020424,165521,271.4,-0.9,
24/04/02,18:55:21,T-Mobile CZ,29.99,LTE,Online,230-01,0x6050,155159310,311,EUTRAN-BAND20,6200,3,3,-110,-799,-504,8,49.242955,N,16.575816,E,020424,165524,268.8,-0.9,
24/04/02,18:55:24,T-Mobile CZ,30.99,LTE,Online,230-01,0x6050,155159310,311,EUTRAN-BAND20,6200,3,3,-118,-817,-506,8,49.242725,N,16.575525,E,020424,165527,266,-1.1,
24/04/02,18:55:27,T-Mobile CZ,31.99,LTE,Online,230-01,0x6050,155159310,311,EUTRAN-BAND20,6200,3,3,-131,-824,-523,3,49.242496,N,16.575213,E,020424,165530,263,-1,
24/04/02,18:55:30,T-Mobile CZ,31.99,LTE,Online,230-01,0x6050,155159310,311,EUTRAN-BAND20,6200,3,3,-142,-810,-515,3,49.242271,N,16.574885,E,020424,165533,260.2,-0.7,
24/04/02,18:55:33,T-Mobile CZ,31.99,LTE,Online,230-01,0x6050,155159310,311,EUTRAN-BAND20,6200,3,3,-99,-735,-471,12,49.242065,N,16.574528,E,020424,165536,257.7,-0.9,
24/04/02,18:55:36,T-Mobile CZ,31.99,LTE,Online,230-01,0x6050,155159310,311,EUTRAN-BAND20,6200,3,3,-127,-798,-492,8,49.241872,N,16.574169,E,020424,165539,255.9,-0.6,
24/04/02,18:55:39,T-Mobile CZ,31.99,LTE,Online,230-01,0x6050,155159310,311,EUTRAN-BAND20,6200,3,3,-127,-779,-461,8,49.241698,N,16.573857,E,020424,165542,255.5,-0.1,
24/04/02,18:55:42,T-Mobile CZ,31.99,LTE,Online,230-01,0x6050,155159310,311,EUTRAN-BAND20,6200,3,3,-131,-787,-490,7,49.241613,N,16.573636,E,020424,165545,255.3,-0.1,
24/04/02,18:55:45,T-Mobile CZ,31.99,LTE,Online,230-01,0x6050,155159310,311,EUTRAN-BAND20,6200,3,3,-131,-753,-444,6,49.241429,N,16.573436,E,020424,165548,254.9,-0.2,
24/04/02,18:55:48,T-Mobile CZ,31.99,LTE,Online,230-01,0x6050,155159310,311,EUTRAN-BAND20,6200,3,3,-164,-771,-433,-4,49.241221,N,16.573192,E,020424,165551,255.3,0,2
24/04/02,18:55:51,T-Mobile CZ,31.99,LTE,Online,230-01,0x6050,155159310,311,EUTRAN-BAND20,6200,3,3,-137,-787,-470,5,49.241060,N,16.572926,E,020424,165554,255.3,0.1,2
24/04/02,18:55:54,T-Mobile CZ,31.99,LTE,Online,230-01,0x6050,155159310,311,EUTRAN-BAND20,6200,3,3,-135,-825,-510,5,49.240893,N,16.572872,E,020424,165557,255.5,-0.1,
24/04/02,18:55:57,T-Mobile CZ,31.99,LTE,Online,230-01,0x6050,155159310,311,EUTRAN-BAND20,6200,3,3,-148,-797,-471,-1,49.240761,N,16.573184,E,020424,165600,255.4,0.1,1
24/04/02,18:56:00,T-Mobile CZ,30.99,LTE,Online,230-01,0x6050,155159310,311,EUTRAN-BAND20,6200,3,3,-133,-784,-468,5,49.240587,N,16.573520,E,020424,165603,255.2,-0.1,
24/04/02,18:56:03,T-Mobile CZ,31.99,LTE,Online,230-01,0x6050,155159310,311,EUTRAN-BAND20,6200,3,3,-141,-765,-459,6,49.240429,N,16.573864,E,020424,165606,254.3,-0.1,
24/04/02,18:56:06,T-Mobile CZ,31.99,LTE,Online,230-01,0x6050,155159310,311,EUTRAN-BAND20,6200,3,3,-158,-777,-452,3,49.240339,N,16.574258,E,020424,165609,254.2,-0.1,
24/04/02,18:56:09,T-Mobile CZ,31.99,LTE,Online,230-01,0x6050,155159309,318,EUTRAN-BAND20,6200,3,3,-83,-725,-457,11,49.240243,N,16.574686,E,020424,165612,254.5,0.3,1
24/04/02,18:56:12,T-Mobile CZ,31.99,LTE,Online,230-01,0x6050,155159309,318,EUTRAN-BAND20,6200,3,3,-104,-673,-392,2,49.240115,N,16.575090,E,020424,165615,254.4,-0.2,
24/04/02,18:56:15,T-Mobile CZ,31.99,LTE,Online,230-01,0x6050,155159309,318,EUTRAN-BAND20,6200,3,3,-116,-692,-390,10,49.239927,N,16.575462,E,020424,165618,253.6,-0.5,
24/04/02,18:56:18,T-Mobile CZ,31.99,LTE,Online,230-01,0x6050,155159309,318,EUTRAN-BAND20,6200,3,3,-70,-605,-353,13,49.239692,N,16.575828,E,020424,165621,251.8,-0.7,
24/04/02,18:56:21,T-Mobile CZ,31.99,LTE,Online,230-01,0x6050,155159309,318,EUTRAN-BAND20,6200,3,3,-64,-637,-396,18,49.239443,N,16.576187,E,020424,165624,251.4,0,1
24/04/02,18:56:24,T-Mobile CZ,31.99,LTE,Online,230-01,0x6050,155159309,318,EUTRAN-BAND20,6200,3,3,-89,-652,-398,19,49.239205,N,16.576552,E,020424,165627,250.8,-0.2,
24/04/02,18:56:27,T-Mobile CZ,31.99,LTE,Online,230-01,0x6050,155159309,318,EUTRAN-BAND20,6200,3,3,-70,-641,-404,15,49.238973,N,16.576899,E,020424,165630,251.6,0.2,1
24/04/02,18:56:30,T-Mobile CZ,31.99,LTE,Online,230-01,0x6050,155159309,318,EUTRAN-BAND20,6200,3,3,-74,-703,-462,14,49.238776,N,16.577214,E,020424,165633,251.8,0.2,1
24/04/02,18:56:33,T-Mobile CZ,31.99,LTE,Online,230-01,0x6050,155159309,318,EUTRAN-BAND20,6200,3,3,-118,-799,-502,4,49.238622,N,16.577484,E,020424,165636,252,-0.1,
24/04/02,18:56:36,T-Mobile CZ,30.99,LTE,Online,230-01,0x6050,155159309,318,EUTRAN-BAND20,6200,3,3,-140,-829,-487,0,49.238499,N,16.577739,E,020424,165639,252.3,-0.1,
24/04/02,18:56:39,T-Mobile CZ,30.99,LTE,Online,230-01,0x6050,155159309,318,EUTRAN-BAND20,6200,3,3,-117,-824,-500,2,49.238388,N,16.577984,E,020424,165642,252.1,-0.2,
24/04/02,18:56:42,T-Mobile CZ,31.99,LTE,Online,230-01,0x6050,155159309,318,EUTRAN-BAND20,6200,3,3,-115,-795,-436,2,49.238268,N,16.578238,E,020424,165645,250.9,0.1,1
24/04/02,18:56:45,T-Mobile CZ,31.99,LTE,Online,230-01,0x6050,155159309,318,EUTRAN-BAND20,6200,3,3,-105,-704,-411,13,49.238147,N,16.578510,E,020424,165648,251.2,-0,
24/04/02,18:56:48,T-Mobile CZ,31.99,LTE,Online,230-01,0x6050,155159309,318,EUTRAN-BAND20,6200,3,3,-129,-682,-358,5,49.238012,N,16.578800,E,020424,165651,251.7,0.1,1
24/04/02,18:56:51,T-Mobile CZ,31.99,LTE,Online,230-01,0x6050,155159309,318,EUTRAN-BAND20,6200,3,3,-110,-799,-507,6,49.237870,N,16.579124,E,020424,165654,251.4,0.1,1
24/04/02,18:56:54,T-Mobile CZ,31.99,LTE,Online,230-01,0x6050,155159309,318,EUTRAN-BAND20,6200,3,3,-123,-739,-436,-1,49.237695,N,16.579508,E,020424,165657,251.8,0.2,1
24/04/02,18:56:57,T-Mobile CZ,31.99,LTE,Online,230-01,0x6050,155159309,318,EUTRAN-BAND20,6200,3,3,-150,-782,-429,-1,49.237506,N,16.579933,E,020424,165700,252.6,0.5,1
24/04/02,18:57:00,T-Mobile CZ,31.99,LTE,Online,230-01,0x6050,155159309,318,EUTRAN-BAND20,6200,3,3,-130,-736,-388,0,49.237315,N,16.580352,E,020424,165703,254.3,0.1,1
24/04/02,18:57:03,T-Mobile CZ,31.99,LTE,Online,230-01,0x6050,155159309,318,EUTRAN-BAND20,6200,3,3,-153,-762,-404,2,49.237121,N,16.580783,E,020424,165706,254.4,0.1,1
24/04/02,18:57:06,T-Mobile CZ,31.99,LTE,Online,230-01,0x6050,155184907,424,EUTRAN-BAND20,6200,3,3,-116,-677,-396,10,49.236934,N,16.581211,E,020424,165709,253.6,-0.3,
24/04/02,18:57:09,T-Mobile CZ,31.99,LTE,Online,230-01,0x6050,155184907,424,EUTRAN-BAND20,6200,3,3,-100,-686,-415,15,49.236778,N,16.581670,E,020424,165712,253,-0.3,
24/04/02,18:57:12,T-Mobile CZ,31.99,LTE,Online,230-01,0x6050,155184907,424,EUTRAN-BAND20,6200,3,3,-71,-665,-426,12,49.236639,N,16.582149,E,020424,165715,251.7,-0.5,
24/04/02,18:57:15,T-Mobile CZ,31.99,LTE,Online,230-01,0x6050,155184907,424,EUTRAN-BAND20,6200,3,3,-78,-690,-453,15,49.236499,N,16.582608,E,020424,165718,250.7,-0.3,
24/04/02,18:57:18,T-Mobile CZ,31.99,LTE,Online,230-01,0x6050,155184907,424,EUTRAN-BAND20,6200,3,3,-86,-680,-419,12,49.236365,N,16.583057,E,020424,165721,250.5,-0.2,
24/04/02,18:57:21,T-Mobile CZ,31.99,LTE,Online,230-01,0x6050,155184907,424,EUTRAN-BAND20,6200,3,3,-163,-765,-433,-3,49.236238,N,16.583476,E,020424,165724,250.7,-0,
24/04/02,18:57:24,T-Mobile CZ,31.99,LTE,Online,230-01,0x6050,155184908,426,EUTRAN-BAND20,6200,3,3,-91,-729,-464,3,49.236114,N,16.583898,E,020424,165727,249.8,-0.2,
24/04/02,18:57:27,T-Mobile CZ,31.99,LTE,Online,230-01,0x6050,155184908,426,EUTRAN-BAND20,6200,3,3,-104,-672,-382,15,49.235993,N,16.584304,E,020424,165730,248.7,0,1
24/04/02,18:57:30,T-Mobile CZ,31.99,LTE,Online,230-01,0x6050,155184908,426,EUTRAN-BAND20,6200,3,3,-63,-601,-375,21,49.235863,N,16.584695,E,020424,165733,248.9,-0.1,
24/04/02,18:57:33,T-Mobile CZ,31.99,LTE,Online,230-01,0x6050,155184908,426,EUTRAN-BAND20,6200,3,3,-68,-621,-384,17,49.235737,N,16.585086,E,020424,165736,248.1,-0.2,
24/04/02,18:57:36,T-Mobile CZ,31.99,LTE,Online,230-01,0x6050,155184908,426,EUTRAN-BAND20,6200,3,3,-74,-641,-394,14,49.235641,N,16.585467,E,020424,165739,248.2,-0,
24/04/02,18:57:39,T-Mobile CZ,31.99,LTE,Online,230-01,0x6050,155184908,426,EUTRAN-BAND20,6200,3,3,-89,-642,-380,7,49.235573,N,16.585778,E,020424,165742,247.9,-0.2,
24/04/02,18:57:42,T-Mobile CZ,31.99,LTE,Online,230-01,0x6050,155184908,426,EUTRAN-BAND20,6200,3,3,-76,-682,-441,7,49.235482,N,16.585906,E,020424,165745,247.9,-0,
24/04/02,18:57:45,T-Mobile CZ,31.99,LTE,Online,230-01,0x6050,155184908,426,EUTRAN-BAND20,6200,3,3,-98,-723,-447,2,49.235293,N,16.585859,E,020424,165748,248.1,0.1,2
24/04/02,18:57:48,T-Mobile CZ,31.99,LTE,Online,230-01,0x6050,155184908,426,EUTRAN-BAND20,6200,3,3,-77,-728,-477,12,49.235149,N,16.585560,E,020424,165751,248.9,0.5,2
24/04/02,18:57:51,T-Mobile CZ,31.99,LTE,Online,230-01,0x6050,155184908,426,EUTRAN-BAND20,6200,3,3,-83,-712,-454,7,49.234978,N,16.585208,E,020424,165754,249.7,0.4,2
24/04/02,18:57:54,T-Mobile CZ,31.99,LTE,Online,230-01,0x6050,155184908,426,EUTRAN-BAND20,6200,3,3,-84,-729,-465,13,49.234797,N,16.584847,E,020424,165757,250.3,0.1,2
24/04/02,18:57:57,T-Mobile CZ,31.99,LTE,Online,230-01,0x6050,155184908,426,EUTRAN-BAND20,6200,3,3,-67,-673,-433,14,49.234686,N,16.584588,E,020424,165800,251.2,0.1,2
24/04/02,18:58:00,T-Mobile CZ,31.99,LTE,Online,230-01,0x6050,155184908,426,EUTRAN-BAND20,6200,3,3,-83,-695,-439,6,49.234598,N,16.584414,E,020424,165803,251.4,0.2,2
24/04/02,18:58:03,T-Mobile CZ,31.99,LTE,Online,230-01,0x6050,155184908,426,EUTRAN-BAND20,6200,3,3,-111,-684,-415,5,49.234467,N,16.584180,E,020424,165806,251.1,0.2,2
24/04/02,18:58:06,T-Mobile CZ,31.99,LTE,Online,230-01,0x6050,155184908,426,EUTRAN-BAND20,6200,3,3,-136,-787,-469,1,49.234330,N,16.583930,E,020424,165809,250.8,-0.1,
24/04/02,18:58:09,T-Mobile CZ,31.99,LTE,Online,230-01,0x6050,155184908,426,EUTRAN-BAND20,6200,3,3,-121,-778,-482,2,49.234136,N,16.583929,E,020424,165812,251.2,-0.3,
24/04/02,18:58:12,T-Mobile CZ,31.99,LTE,Online,230-01,0x6050,155184908,426,EUTRAN-BAND20,6200,3,3,-156,-829,-487,-2,49.233906,N,16.584072,E,020424,165815,251.2,-0.4,
24/04/02,18:58:15,T-Mobile CZ,31.99,LTE,Online,230-01,0x6050,155184908,426,EUTRAN-BAND20,6200,3,3,-115,-786,-504,3,49.233676,N,16.584235,E,020424,165818,250.2,-0.4,
24/04/02,18:58:18,T-Mobile CZ,31.99,LTE,Online,230-01,0x6050,155138829,58,EUTRAN-BAND20,6200,3,3,-80,-710,-461,0,49.233448,N,16.584389,E,020424,165821,249.6,-0.4,
24/04/02,18:58:21,T-Mobile CZ,31.99,LTE,Online,230-01,0x6050,155138829,58,EUTRAN-BAND20,6200,3,3,-87,-726,-491,11,49.233250,N,16.584296,E,020424,165824,249.3,0.4,2
24/04/02,18:58:24,T-Mobile CZ,30.99,LTE,Online,230-01,0x6050,155138829,58,EUTRAN-BAND20,6200,3,3,-111,-800,-519,7,49.233130,N,16.583890,E,020424,165827,248.9,-0.1,
24/04/02,18:58:27,T-Mobile CZ,31.99,LTE,Online,230-01,0x6050,155138829,58,EUTRAN-BAND20,6200,3,3,-114,-780,-488,9,49.232930,N,16.583455,E,020424,165830,248.3,0,2
24/04/02,18:58:30,T-Mobile CZ,28.99,LTE,Online,230-01,0x6050,155138829,58,EUTRAN-BAND20,6200,3,3,-92,-838,-570,6,49.232699,N,16.582970,E,020424,165833,248.6,0.4,2
24/04/02,18:58:33,T-Mobile CZ,29.99,LTE,Online,230-01,0x6050,155138829,58,EUTRAN-BAND20,6200,3,3,-112,-837,-565,3,49.232467,N,16.582485,E,020424,165836,249.8,0.1,2
24/04/02,18:58:36,T-Mobile CZ,29.99,LTE,Online,230-01,0x6050,155138829,58,EUTRAN-BAND20,6200,3,3,-150,-876,-546,-2,49.232236,N,16.581994,E,020424,165839,250.3,0.3,2
24/04/02,18:58:39,T-Mobile CZ,29.99,LTE,Online,230-01,0x6050,155161867,464,EUTRAN-BAND20,6200,3,3,-98,-802,-529,3,49.231999,N,16.581501,E,020424,165842,252.6,0.5,2
24/04/02,18:58:42,T-Mobile CZ,31.99,LTE,Online,230-01,0x6050,155161867,464,EUTRAN-BAND20,6200,3,3,-94,-734,-485,7,49.231761,N,16.581030,E,020424,165845,255.1,0.7,2
24/04/02,18:58:45,T-Mobile CZ,31.99,LTE,Online,230-01,0x6050,155161867,464,EUTRAN-BAND20,6200,3,3,-107,-753,-480,8,49.231534,N,16.580555,E,020424,165848,257.8,0.9,2
24/04/02,18:58:48,T-Mobile CZ,31.99,LTE,Online,230-01,0x6050,155161867,464,EUTRAN-BAND20,6200,3,3,-98,-767,-490,8,49.231337,N,16.580157,E,020424,165851,260.2,0.6,2
24/04/02,18:58:51,T-Mobile CZ,31.99,LTE,Online,230-01,0x6050,155161867,464,EUTRAN-BAND20,6200,3,3,-76,-681,-430,16,49.231171,N,16.579884,E,020424,165854,261.7,0.2,2
24/04/02,18:58:54,T-Mobile CZ,31.99,LTE,Online,230-01,0x6050,155161867,464,EUTRAN-BAND20,6200,3,3,-85,-654,-403,14,49.231063,N,16.579771,E,020424,165857,262.3,0,2
24/04/02,18:58:57,T-Mobile CZ,31.99,LTE,Online,230-01,0x6050,155161867,464,EUTRAN-BAND20,6200,3,3,-115,-651,-347,17,49.231003,N,16.579542,E,020424,165900,261.5,-0.5,
24/04/02,18:59:00,T-Mobile CZ,31.99,LTE,Online,230-01,0x6050,155161867,464,EUTRAN-BAND20,6200,3,3,-101,-677,-395,11,49.231006,N,16.579113,E,020424,165903,261,0,2
24/04/02,18:59:03,T-Mobile CZ,31.99,LTE,Online,230-01,0x6050,155161867,464,EUTRAN-BAND20,6200,3,3,-123,-712,-407,7,49.230913,N,16.578685,E,020424,165906,261.7,0.2,2
24/04/02,18:59:06,T-Mobile CZ,31.99,LTE,Online,230-01,0x6050,155161867,464,EUTRAN-BAND20,6200,3,3,-100,-695,-430,10,49.230749,N,16.578368,E,020424,165909,262,0.1,2
24/04/02,18:59:09,T-Mobile CZ,31.99,LTE,Online,230-01,0x6050,155161867,464,EUTRAN-BAND20,6200,3,3,-134,-750,-441,10,49.230618,N,16.578204,E,020424,165912,262.1,0,2
24/04/02,18:59:12,T-Mobile CZ,31.99,LTE,Online,230-01,0x6050,155161867,464,EUTRAN-BAND20,6200,3,3,-86,-692,-434,11,49.230578,N,16.578157,E,020424,165915,262.1,0,2
24/04/02,18:59:15,T-Mobile CZ,31.99,LTE,Online,230-01,0x6050,155161867,464,EUTRAN-BAND20,6200,3,3,-87,-715,-464,11,49.230479,N,16.578048,E,020424,165918,262.4,0.1,2
24/04/02,18:59:18,T-Mobile CZ,31.99,LTE,Online,230-01,0x6050,155161867,464,EUTRAN-BAND20,6200,3,3,-155,-804,-473,4,49.230280,N,16.577863,E,020424,165921,262.4,0.1,2
24/04/02,18:59:21,T-Mobile CZ,31.99,LTE,Online,230-01,0x6050,155161867,464,EUTRAN-BAND20,6200,3,3,-200,-849,-438,-4,49.230011,N,16.577613,E,020424,165924,262.7,0.1,2
24/04/02,18:59:24,T-Mobile CZ,31.99,LTE,Online,230-01,0x6050,155261708,45,EUTRAN-BAND20,6200,3,3,-91,-747,-478,11,49.229711,N,16.577329,E,020424,165927,263.7,0.6,2
24/04/02,18:59:27,T-Mobile CZ,31.99,LTE,Online,230-01,0x6050,155261708,45,EUTRAN-BAND20,6200,3,3,-152,-821,-488,1,49.229400,N,16.577071,E,020424,165930,266.2,0.8,2
24/04/02,18:59:30,T-Mobile CZ,31.99,LTE,Online,230-01,0x6050,155161869,466,EUTRAN-BAND20,6200,3,3,-129,-775,-440,-5,49.229077,N,16.576850,E,020424,165933,268.6,0.6,2
24/04/02,18:59:33,T-Mobile CZ,31.99,LTE,Online,230-01,0x6050,155161869,466,EUTRAN-BAND20,6200,3,3,-113,-767,-476,0,49.228751,N,16.576677,E,020424,165936,271,0.7,1
24/04/02,18:59:36,T-Mobile CZ,31.99,LTE,Online,230-01,0x6050,155161869,466,EUTRAN-BAND20,6200,3,3,-141,-730,-408,-8,49.228429,N,16.576529,E,020424,165939,271.8,0.7,1
24/04/02,18:59:39,T-Mobile CZ,31.99,LTE,Online,230-01,0x6050,155207947,493,EUTRAN-BAND20,6200,3,3,-75,-669,-398,5,49.228120,N,16.576459,E,020424,165942,275.4,0.6,1
24/04/02,18:59:42,T-Mobile CZ,31.99,LTE,Online,230-01,0x6050,155207947,493,EUTRAN-BAND20,6200,3,3,-82,-677,-420,8,49.227879,N,16.576398,E,020424,165945,277.1,0.6,1
24/04/02,18:59:45,T-Mobile CZ,31.99,LTE,Online,230-01,0x6050,155207947,493,EUTRAN-BAND20,6200,3,3,-72,-662,-416,13,49.227772,N,16.576201,E,020424,165948,277.8,0.3,2
24/04/02,18:59:48,T-Mobile CZ,31.99,LTE,Online,230-01,0x6050,155207947,493,EUTRAN-BAND20,6200,3,3,-82,-651,-432,9,49.227916,N,16.575908,E,020424,165951,279.8,0.7,3
24/04/02,18:59:51,T-Mobile CZ,31.99,LTE,Online,230-01,0x6050,155207947,493,EUTRAN-BAND20,6200,3,3,-70,-653,-413,10,49.228136,N,16.575584,E,020424,165954,281.2,0.4,3
24/04/02,18:59:54,T-Mobile CZ,31.99,LTE,Online,230-01,0x6050,155207947,493,EUTRAN-BAND20,6200,3,3,-83,-678,-442,7,49.228392,N,16.575211,E,020424,165957,281.5,-0.1,
24/04/02,18:59:57,T-Mobile CZ,31.99,LTE,Online,230-01,0x6050,155207947,493,EUTRAN-BAND20,6200,3,3,-81,-715,-458,6,49.228652,N,16.574825,E,020424,170000,280.5,-0.3,
24/04/02,19:00:00,T-Mobile CZ,31.99,LTE,Online,230-01,0x6050,155207947,493,EUTRAN-BAND20,6200,3,3,-103,-724,-445,1,49.228899,N,16.574456,E,020424,170003,280,-0.2,
24/04/02,19:00:03,T-Mobile CZ,31.99,LTE,Online,230-01,0x6050,155207947,493,EUTRAN-BAND20,6200,3,3,-126,-776,-476,1,49.229140,N,16.574100,E,020424,170006,280.6,0.3,3
24/04/02,19:00:06,T-Mobile CZ,31.99,LTE,Online,230-01,0x6050,155207947,493,EUTRAN-BAND20,6200,3,3,-194,-877,-515,-6,49.229378,N,16.573752,E,020424,170009,281.5,0.3,3
24/04/02,19:00:09,T-Mobile CZ,31.99,LTE,Online,230-01,0x6050,155161869,466,EUTRAN-BAND20,6200,3,3,-113,-717,-430,2,49.229619,N,16.573406,E,020424,170012,283,0.5,3
24/04/02,19:00:12,T-Mobile CZ,31.99,LTE,Online,230-01,0x6050,155161869,466,EUTRAN-BAND20,6200,3,3,-126,-759,-457,0,49.229861,N,16.573052,E,020424,170015,284.3,0.5,3
24/04/02,19:00:15,T-Mobile CZ,31.99,LTE,Online,230-01,0x6050,155261708,45,EUTRAN-BAND20,6200,3,3,-128,-696,-394,0,49.230103,N,16.572695,E,020424,170018,285.7,0.4,3
24/04/02,19:00:18,T-Mobile CZ,31.99,LTE,Online,230-01,0x6050,155261708,45,EUTRAN-BAND20,6200,3,3,-135,-737,-387,-1,49.230332,N,16.572367,E,020424,170021,284.5,-0.4,
24/04/02,19:00:21,T-Mobile CZ,31.99,LTE,Online,230-01,0x6050,155261708,45,EUTRAN-BAND20,6200,3,3,-156,-733,-384,-1,49.230552,N,16.572041,E,020424,170024,283.4,-0.2,
24/04/02,19:00:24,T-Mobile CZ,31.99,LTE,Online,230-01,0x6050,155261708,45,EUTRAN-BAND20,6200,3,3,-119,-709,-415,4,49.230767,N,16.571716,E,020424,170027,283.2,-0.3,
24/04/02,19:00:27,T-Mobile CZ,31.99,LTE,Online,230-01,0x6050,155261708,45,EUTRAN-BAND20,6200,3,3,-101,-644,-363,5,49.231001,N,16.571482,E,020424,170030,283,-0.1,
24/04/02,19:00:30,T-Mobile CZ,31.99,LTE,Online,230-01,0x6050,155261708,45,EUTRAN-BAND20,6200,3,3,-106,-679,-412,5,49.231261,N,16.571454,E,020424,170033,282.1,-0.1,
24/04/02,19:00:33,T-Mobile CZ,31.99,LTE,Online,230-01,0x6050,155261708,45,EUTRAN-BAND20,6200,3,3,-171,-747,-389,-5,49.231480,N,16.571593,E,020424,170036,281.8,-0.1,
24/04/02,19:00:36,T-Mobile CZ,31.99,LTE,Online,230-01,0x6050,155261708,45,EUTRAN-BAND20,6200,3,3,-159,-742,-409,-6,49.231672,N,16.571754,E,020424,170039,281.2,-0.2,
24/04/02,19:00:39,T-Mobile CZ,31.99,LTE,Online,230-01,0x6050,155261708,45,EUTRAN-BAND20,6200,3,3,-112,-767,-463,3,49.231798,N,16.571878,E,020424,170042,281.3,-0.2,
24/04/02,19:00:42,T-Mobile CZ,31.99,LTE,Online,230-01,0x6050,155261708,45,EUTRAN-BAND20,6200,3,3,-78,-754,-489,13,49.231895,N,16.571950,E,020424,170045,281.8,-0,
24/04/02,19:00:45,T-Mobile CZ,31.99,LTE,Online,230-01,0x6050,155261708,45,EUTRAN-BAND20,6200,3,3,-118,-777,-439,2,49.231937,N,16.571864,E,020424,170048,281.5,-0.1,
24/04/02,19:00:48,T-Mobile CZ,31.99,LTE,Online,230-01,0x6050,155261708,45,EUTRAN-BAND20,6200,3,3,-127,-753,-457,0,49.232017,N,16.571826,E,020424,170051,281.5,0,2
24/04/02,19:00:51,T-Mobile CZ,31.99,LTE,Online,230-01,0x6050,155261708,45,EUTRAN-BAND20,6200,3,3,-104,-780,-468,5,49.232104,N,16.571930,E,020424,170054,281.8,0.1,4
24/04/02,19:00:54,T-Mobile CZ,31.99,LTE,Online,230-01,0x6050,155261708,45,EUTRAN-BAND20,6200,3,3,-93,-748,-478,7,49.232165,N,16.572039,E,020424,170057,281.1,0,2
24/04/02,19:00:57,T-Mobile CZ,31.99,LTE,Online,230-01,0x6050,155261708,45,EUTRAN-BAND20,6200,3,3,-88,-777,-519,10,49.232261,N,16.572018,E,020424,170100,281.5,0.1,3
24/04/02,19:01:00,T-Mobile CZ,31.99,LTE,Online,230-01,0x6050,155261708,45,EUTRAN-BAND20,6200,3,3,-113,-751,-458,7,49.232367,N,16.571926,E,020424,170103,281.1,-0,
24/04/02,19:01:03,T-Mobile CZ,31.99,LTE,Online,230-01,0x6050,155261708,45,EUTRAN-BAND20,6200,3,3,-114,-808,-519,6,49.232459,N,16.571844,E,020424,170106,281,-0,
24/04/02,19:01:06,T-Mobile CZ,31.99,LTE,Online,230-01,0x6050,155261708,45,EUTRAN-BAND20,6200,3,3,-117,-789,-506,6,49.232559,N,16.571763,E,020424,170109,281.6,0.1,3
24/04/02,19:01:09,T-Mobile CZ,31.99,LTE,Online,230-01,0x6050,155261708,45,EUTRAN-BAND20,6200,3,3,-171,-833,-473,3,49.232683,N,16.571664,E,020424,170112,281.2,0,3
24/04/02,19:01:12,T-Mobile CZ,31.99,LTE,Online,230-01,0x6050,155261707,40,EUTRAN-BAND20,6200,3,3,-73,-726,-469,17,49.232817,N,16.571560,E,020424,170115,279.9,0.1,3
24/04/02,19:01:15,T-Mobile CZ,31.99,LTE,Online,230-01,0x6050,155261707,40,EUTRAN-BAND20,6200,3,3,-78,-706,-450,12,49.232944,N,16.571445,E,020424,170118,280,-0,
24/04/02,19:01:18,T-Mobile CZ,31.99,LTE,Online,230-01,0x6050,155261707,40,EUTRAN-BAND20,6200,3,3,-118,-720,-429,1,49.232986,N,16.571269,E,020424,170121,280.3,0,2
24/04/02,19:01:21,T-Mobile CZ,31.99,LTE,Online,230-01,0x6050,155261707,40,EUTRAN-BAND20,6200,3,3,-150,-761,-436,-4,49.232941,N,16.571077,E,020424,170124,280.9,0,2
24/04/02,19:01:24,T-Mobile CZ,31.99,LTE,Online,230-01,0x6050,155261707,40,EUTRAN-BAND20,6200,3,3,-115,-737,-446,4,49.232848,N,16.570943,E,020424,170127,281.1,-0,
24/04/02,19:01:27,T-Mobile CZ,31.99,LTE,Online,230-01,0x6050,155261707,40,EUTRAN-BAND20,6200,3,3,-117,-735,-449,6,49.232763,N,16.570840,E,020424,170130,281.6,0.1,2
24/04/02,19:01:30,T-Mobile CZ,31.99,LTE,Online,230-01,0x6050,155261707,40,EUTRAN-BAND20,6200,3,3,-104,-703,-415,6,49.232702,N,16.570779,E,020424,170133,282.7,-0.1,
24/04/02,19:01:33,T-Mobile CZ,31.99,LTE,Online,230-01,0x6050,155261707,40,EUTRAN-BAND20,6200,3,3,-111,-714,-429,2,49.232674,N,16.570770,E,020424,170136,282.8,-0,
24/04/02,19:01:36,T-Mobile CZ,31.99,LTE,Online,230-01,0x6050,155261707,40,EUTRAN-BAND20,6200,3,3,-92,-710,-450,16,49.232675,N,16.570769,E,020424,170139,283.2,0,0
24/04/02,19:01:39,T-Mobile CZ,31.99,LTE,Online,230-01,0x6050,155261707,40,EUTRAN-BAND20,6200,3,3,-112,-721,-437,4,49.232671,N,16.570769,E,020424,170142,283.7,0,0
24/04/02,19:01:42,T-Mobile CZ,31.99,LTE,Online,230-01,0x6050,155261707,40,EUTRAN-BAND20,6200,3,3,-100,-720,-448,7,49.232666,N,16.570764,E,020424,170145,283.8,0,0
24/04/02,19:01:45,T-Mobile CZ,31.99,LTE,Online,230-01,0x6050,155261707,40,EUTRAN-BAND20,6200,3,3,-113,-722,-435,2,49.232664,N,16.570763,E,020424,170148,283.7,0,0
24/04/02,19:01:48,T-Mobile CZ,31.99,LTE,Online,230-01,0x6050,155261707,40,EUTRAN-BAND20,6200,3,3,-115,-720,-433,1,49.232664,N,16.570762,E,020424,170151,283.8,0,0
24/04/02,19:01:51,T-Mobile CZ,31.99,LTE,Online,230-01,0x6050,155261707,40,EUTRAN-BAND20,6200,3,3,-116,-706,-423,0,49.232664,N,16.570762,E,020424,170154,283.8,0,0
24/04/02,19:01:54,T-Mobile CZ,31.99,LTE,Online,230-01,0x6050,155261707,40,EUTRAN-BAND20,6200,3,3,-116,-704,-420,0,49.232664,N,16.570762,E,020424,170157,283.8,0,0
24/04/02,19:01:57,T-Mobile CZ,31.99,LTE,Online,230-01,0x6050,155261707,40,EUTRAN-BAND20,6200,3,3,-121,-703,-410,1,49.232664,N,16.570762,E,020424,170200,283.9,0,0
24/04/02,19:02:00,T-Mobile CZ,31.99,LTE,Online,230-01,0x6050,155261707,40,EUTRAN-BAND20,6200,3,3,-122,-711,-416,2,49.232664,N,16.570762,E,020424,170203,283.9,0,0
24/04/02,19:02:03,T-Mobile CZ,31.99,LTE,Online,230-01,0x6050,155261707,40,EUTRAN-BAND20,6200,3,3,-106,-714,-439,5,49.232664,N,16.570762,E,020424,170206,283.9,0,0
24/04/02,19:02:06,T-Mobile CZ,31.99,LTE,Online,230-01,0x6050,155261707,40,EUTRAN-BAND20,6200,3,3,-119,-709,-424,1,49.232664,N,16.570762,E,020424,170209,283.9,0,0
24/04/02,19:02:09,T-Mobile CZ,31.99,LTE,Online,230-01,0x6050,155261707,40,EUTRAN-BAND20,6200,3,3,-123,-708,-413,1,49.232664,N,16.570762,E,020424,170212,283.9,0,0
24/04/02,19:02:12,T-Mobile CZ,31.99,LTE,Online,230-01,0x6050,155261707,40,EUTRAN-BAND20,6200,3,3,-119,-710,-423,1,49.232664,N,16.570762,E,020424,170215,283.9,0,0
24/04/02,19:02:15,T-Mobile CZ,31.99,LTE,Online,230-01,0x6050,155261707,40,EUTRAN-BAND20,6200,3,3,-100,-719,-453,8,49.232664,N,16.570762,E,020424,170218,283.9,0,0
24/04/02,19:02:18,T-Mobile CZ,31.99,LTE,Online,230-01,0x6050,155261707,40,EUTRAN-BAND20,6200,3,3,-104,-720,-444,7,49.232664,N,16.570762,E,020424,170221,283.9,0,0
24/04/02,19:02:21,T-Mobile CZ,31.99,LTE,Online,230-01,0x6050,155261707,40,EUTRAN-BAND20,6200,3,3,-113,-716,-430,2,49.232664,N,16.570762,E,020424,170224,283.9,0,0
24/04/02,19:02:24,T-Mobile CZ,31.99,LTE,Online,230-01,0x6050,155261707,40,EUTRAN-BAND20,6200,3,3,-112,-716,-433,3,49.232665,N,16.570762,E,020424,170227,283.9,0,0
24/04/02,19:02:27,T-Mobile CZ,31.99,LTE,Online,230-01,0x6050,155261707,40,EUTRAN-BAND20,6200,3,3,-119,-708,-417,1,49.232665,N,16.570762,E,020424,170230,283.9,0,0
24/04/02,19:02:30,T-Mobile CZ,31.99,LTE,Online,230-01,0x6050,155261707,40,EUTRAN-BAND20,6200,3,3,-104,-712,-433,3,49.232665,N,16.570762,E,020424,170233,283.9,0,0
24/04/02,19:02:33,T-Mobile CZ,31.99,LTE,Online,230-01,0x6050,155261707,40,EUTRAN-BAND20,6200,3,3,-97,-714,-446,6,49.232665,N,16.570762,E,020424,170236,283.9,0,0
24/04/02,19:02:36,T-Mobile CZ,31.99,LTE,Online,230-01,0x6050,155261707,40,EUTRAN-BAND20,6200,3,3,-98,-705,-439,7,49.232664,N,16.570762,E,020424,170239,283.9,0,0
24/04/02,19:02:39,T-Mobile CZ,31.99,LTE,Online,230-01,0x6050,155261707,40,EUTRAN-BAND20,6200,3,3,-119,-708,-413,0,49.232664,N,16.570762,E,020424,170242,283.9,0,0
24/04/02,19:02:42,T-Mobile CZ,31.99,LTE,Online,230-01,0x6050,155261707,40,EUTRAN-BAND20,6200,3,3,-118,-707,-420,2,49.232664,N,16.570762,E,020424,170245,283.9,0,0
24/04/02,19:02:45,T-Mobile CZ,31.99,LTE,Online,230-01,0x6050,155261707,40,EUTRAN-BAND20,6200,3,3,-113,-712,-424,1,49.232664,N,16.570762,E,020424,170248,283.9,0,0
24/04/02,19:02:48,T-Mobile CZ,31.99,LTE,Online,230-01,0x6050,155261707,40,EUTRAN-BAND20,6200,3,3,-122,-710,-411,-1,49.232664,N,16.570762,E,020424,170251,283.9,0,0
